"campaignid","sample","family","genus","species","length","number","range"
"2021-05_Abrolhos_stereo-BRUVs","npz6.10","Pinguipedidae","Parapercis","nebulosa",68.57177,1,1004.17382
"2021-05_Abrolhos_stereo-BRUVs","npz6.10","Sparidae","Chrysophrys","auratus",367.40997,1,1530.25354
"2021-05_Abrolhos_stereo-BRUVs","npz6.10","Sparidae","Chrysophrys","auratus",303.44706,1,1284.89741
"2021-05_Abrolhos_stereo-BRUVs","npz6.10","Sparidae","Chrysophrys","auratus",327.17062,1,1277.9053
"2021-05_Abrolhos_stereo-BRUVs","npz6.10","Sparidae","Chrysophrys","auratus",292.07022,1,1382.25058
"2021-05_Abrolhos_stereo-BRUVs","npz6.10","Carangidae","Seriola","dumerili",414.13365,1,1872.45618
"2021-05_Abrolhos_stereo-BRUVs","npz6.10","Carangidae","Seriola","dumerili",446.80786,1,2511.48532
"2021-05_Abrolhos_stereo-BRUVs","npz6.10","Carangidae","Seriola","dumerili",446.26441,1,2083.98847
"2021-05_Abrolhos_stereo-BRUVs","npz6.10","Carangidae","Seriola","dumerili",452.64395,1,1327.79347
"2021-05_Abrolhos_stereo-BRUVs","npz6.10","Carangidae","Seriola","dumerili",459.07871,1,2500.12803
"2021-05_Abrolhos_stereo-BRUVs","npz6.10","Monacanthidae","Nelusetta","ayraud",585.30928,1,1619.39395
"2021-05_Abrolhos_stereo-BRUVs","npz6.10","Tetraodontidae","Lagocephalus","sceleratus",424.6619,1,2695.93282
"2021-05_Abrolhos_stereo-BRUVs","npz6.10","Tetraodontidae","Lagocephalus","sceleratus",591.70621,1,3868.42491
"2021-05_Abrolhos_stereo-BRUVs","npz6.13","Cirrhitidae","Paracirrhites","forsteri",66.67543,1,1307.06397
"2021-05_Abrolhos_stereo-BRUVs","npz6.13","Apogonidae","Ostorhinchus","spp",46.971,1,1031.85512
"2021-05_Abrolhos_stereo-BRUVs","npz6.13","Chaetodontidae","Chaetodon","assarius",62.00127,1,2229.1266
"2021-05_Abrolhos_stereo-BRUVs","npz6.13","Sparidae","Chrysophrys","auratus",544.82221,1,1240.31316
"2021-05_Abrolhos_stereo-BRUVs","npz6.13","Sparidae","Chrysophrys","auratus",478.18797,1,1802.0467
"2021-05_Abrolhos_stereo-BRUVs","npz6.13","Sparidae","Chrysophrys","auratus",426.01511,1,2235.21474
"2021-05_Abrolhos_stereo-BRUVs","npz6.13","Sparidae","Chrysophrys","auratus",441.41138,1,1830.18918
"2021-05_Abrolhos_stereo-BRUVs","npz6.14","Lethrinidae","Lethrinus","miniatus",481.74457,1,2221.94949
"2021-05_Abrolhos_stereo-BRUVs","npz6.14","Lethrinidae","Lethrinus","miniatus",385.92729,1,2236.86838
"2021-05_Abrolhos_stereo-BRUVs","npz6.14","Lethrinidae","Lethrinus","miniatus",322.35062,1,1595.86071
"2021-05_Abrolhos_stereo-BRUVs","npz6.14","Lethrinidae","Lethrinus","miniatus",395.60811,1,1243.95501
"2021-05_Abrolhos_stereo-BRUVs","npz6.14","Lethrinidae","Lethrinus","miniatus",523.25876,1,1279.71016
"2021-05_Abrolhos_stereo-BRUVs","npz6.14","Labridae","Choerodon","rubescens",425.19382,1,1719.36352
"2021-05_Abrolhos_stereo-BRUVs","npz6.14","Labridae","Choerodon","rubescens",270.85874,1,2035.52127
"2021-05_Abrolhos_stereo-BRUVs","npz6.14","Carangidae","Seriola","hippos",542.53282,1,3130.68968
"2021-05_Abrolhos_stereo-BRUVs","npz6.14","Lethrinidae","Lethrinus","nebulosus",602.06538,1,4991.72879
"2021-05_Abrolhos_stereo-BRUVs","npz6.15","Triakidae","Mustelus","spp",728.54002,1,1663.20264
"2021-05_Abrolhos_stereo-BRUVs","npz6.17","Monacanthidae","Nelusetta","ayraud",506.94219,1,1525.90284
"2021-05_Abrolhos_stereo-BRUVs","npz6.17","Sparidae","Chrysophrys","auratus",510.44865,1,1166.98323
"2021-05_Abrolhos_stereo-BRUVs","npz6.17","Sparidae","Chrysophrys","auratus",436.31224,1,1714.3946
"2021-05_Abrolhos_stereo-BRUVs","npz6.17","Sparidae","Chrysophrys","auratus",366.13704,1,1516.51434
"2021-05_Abrolhos_stereo-BRUVs","npz6.17","Cirrhitidae","Paracirrhites","forsteri",55.96015,1,1898.09806
"2021-05_Abrolhos_stereo-BRUVs","npz6.17","Carangidae","Seriola","hippos",648.13341,1,1605.17073
"2021-05_Abrolhos_stereo-BRUVs","npz6.17","Apogonidae","Ostorhinchus","spp",67.54532,1,1651.83203
"2021-05_Abrolhos_stereo-BRUVs","npz6.17","Labridae","Bodianus","solatus",249.53032,1,1504.06531
"2021-05_Abrolhos_stereo-BRUVs","npz6.17","Labridae","Bodianus","vulpinus",255.92833,1,2447.48138
"2021-05_Abrolhos_stereo-BRUVs","npz6.17","Labridae","Coris","auricularis",264.59397,1,4102.58675
"2021-05_Abrolhos_stereo-BRUVs","npz6.17","Labridae","Coris","auricularis",198.63308,1,3631.43901
"2021-05_Abrolhos_stereo-BRUVs","npz6.17","Nemipteridae","Pentapodus","nagasakiensis",128.42168,1,2102.62684
"2021-05_Abrolhos_stereo-BRUVs","npz6.17","Nemipteridae","Pentapodus","nagasakiensis",103.24223,1,2096.41171
"2021-05_Abrolhos_stereo-BRUVs","npz6.17","Chaetodontidae","Chaetodon","assarius",78.11565,1,2456.5339
"2021-05_Abrolhos_stereo-BRUVs","npz6.17","Chaetodontidae","Chaetodon","assarius",100.33647,1,2377.77066
"2021-05_Abrolhos_stereo-BRUVs","npz6.17","Chaetodontidae","Chaetodon","assarius",95.43919,1,2624.1252
"2021-05_Abrolhos_stereo-BRUVs","npz6.18","Tetraodontidae","Unknown","spp",43.29993,1,1619.82053
"2021-05_Abrolhos_stereo-BRUVs","npz6.18","Haemulidae","Diagramma","pictum labiosum",666.26856,1,1968.37392
"2021-05_Abrolhos_stereo-BRUVs","npz6.18","Haemulidae","Diagramma","pictum labiosum",629.01199,1,2239.08921
"2021-05_Abrolhos_stereo-BRUVs","npz6.18","Haemulidae","Diagramma","pictum labiosum",551.74505,1,1827.17865
"2021-05_Abrolhos_stereo-BRUVs","npz6.18","Haemulidae","Diagramma","pictum labiosum",632.83368,1,2004.40577
"2021-05_Abrolhos_stereo-BRUVs","npz6.18","Haemulidae","Diagramma","pictum labiosum",676.62326,1,2390.70945
"2021-05_Abrolhos_stereo-BRUVs","npz6.18","Haemulidae","Diagramma","pictum labiosum",689.92638,1,2311.57097
"2021-05_Abrolhos_stereo-BRUVs","npz6.18","Haemulidae","Diagramma","pictum labiosum",609.31968,1,1774.07899
"2021-05_Abrolhos_stereo-BRUVs","npz6.18","Haemulidae","Diagramma","pictum labiosum",639.36275,1,2916.51496
"2021-05_Abrolhos_stereo-BRUVs","npz6.18","Haemulidae","Diagramma","pictum labiosum",666.49832,1,2181.61159
"2021-05_Abrolhos_stereo-BRUVs","npz6.2","Labridae","Choerodon","rubescens",358.3793,1,2027.70873
"2021-05_Abrolhos_stereo-BRUVs","npz6.2","Scombridae","Scomberomorus","spp",691.3613,1,3092.39736
"2021-05_Abrolhos_stereo-BRUVs","npz6.2","Lethrinidae","Lethrinus","miniatus",292.49548,1,1899.1113
"2021-05_Abrolhos_stereo-BRUVs","npz6.2","Lethrinidae","Lethrinus","miniatus",327.38365,1,1946.83829
"2021-05_Abrolhos_stereo-BRUVs","npz6.20","Labridae","Suezichthys","cyanolaemus",84.51625,1,1866.73152
"2021-05_Abrolhos_stereo-BRUVs","npz6.20","Labridae","Suezichthys","cyanolaemus",43.46685,1,1760.65974
"2021-05_Abrolhos_stereo-BRUVs","npz6.20","Haemulidae","Diagramma","pictum labiosum",650.97792,1,1280.79796
"2021-05_Abrolhos_stereo-BRUVs","npz6.20","Carangidae","Carangoides","spp",769.94355,1,2005.41885
"2021-05_Abrolhos_stereo-BRUVs","npz6.20","Haemulidae","Diagramma","pictum labiosum",557.49136,1,1397.60402
"2021-05_Abrolhos_stereo-BRUVs","npz6.20","Haemulidae","Diagramma","pictum labiosum",535.18968,1,1492.43634
"2021-05_Abrolhos_stereo-BRUVs","npz6.20","Lethrinidae","Lethrinus","miniatus",422.51928,1,1397.27988
"2021-05_Abrolhos_stereo-BRUVs","npz6.20","Lethrinidae","Lethrinus","miniatus",325.33232,1,1398.05301
"2021-05_Abrolhos_stereo-BRUVs","npz6.20","Lethrinidae","Lethrinus","miniatus",373.96972,1,1245.72397
"2021-05_Abrolhos_stereo-BRUVs","npz6.20","Lethrinidae","Lethrinus","miniatus",419.0732,1,2174.64558
"2021-05_Abrolhos_stereo-BRUVs","npz6.20","Nemipteridae","Pentapodus","nagasakiensis",168.0276,1,1942.89735
"2021-05_Abrolhos_stereo-BRUVs","npz6.20","Nemipteridae","Pentapodus","nagasakiensis",188.54275,1,1282.34361
"2021-05_Abrolhos_stereo-BRUVs","npz6.20","Nemipteridae","Pentapodus","nagasakiensis",189.02343,1,1618.55076
"2021-05_Abrolhos_stereo-BRUVs","npz6.20","Nemipteridae","Pentapodus","nagasakiensis",170.81005,1,1516.28811
"2021-05_Abrolhos_stereo-BRUVs","npz6.20","Nemipteridae","Pentapodus","nagasakiensis",162.3628,1,1321.29216
"2021-05_Abrolhos_stereo-BRUVs","npz6.20","Nemipteridae","Pentapodus","nagasakiensis",148.07065,1,1529.94709
"2021-05_Abrolhos_stereo-BRUVs","npz6.20","Labridae","Choerodon","rubescens",336.91902,1,2062.25401
"2021-05_Abrolhos_stereo-BRUVs","npz6.20","Labridae","Choerodon","rubescens",251.13499,1,1284.79624
"2021-05_Abrolhos_stereo-BRUVs","npz6.20","Lethrinidae","Lethrinus","nebulosus",686.08892,1,4562.17345
"2021-05_Abrolhos_stereo-BRUVs","npz6.20","Lethrinidae","Lethrinus","nebulosus",528.89089,1,1316.18143
"2021-05_Abrolhos_stereo-BRUVs","npz6.20","Lethrinidae","Lethrinus","nebulosus",626.32466,1,1542.32903
"2021-05_Abrolhos_stereo-BRUVs","npz6.20","Labridae","Coris","auricularis",272.13944,1,1149.6331
"2021-05_Abrolhos_stereo-BRUVs","npz6.21","Mullidae","Parupeneus","spilurus",210.66674,1,1571.00088
"2021-05_Abrolhos_stereo-BRUVs","npz6.21","Nemipteridae","Pentapodus","nagasakiensis",180.31207,1,609.18506
"2021-05_Abrolhos_stereo-BRUVs","npz6.21","Mullidae","Parupeneus","spilurus",180.39205,1,1738.4247
"2021-05_Abrolhos_stereo-BRUVs","npz6.21","Labridae","Suezichthys","cyanolaemus",86.31514,1,1367.04958
"2021-05_Abrolhos_stereo-BRUVs","npz6.21","Labridae","Suezichthys","cyanolaemus",63.57097,1,1506.88432
"2021-05_Abrolhos_stereo-BRUVs","npz6.21","Labridae","Suezichthys","cyanolaemus",90.64128,1,1366.91062
"2021-05_Abrolhos_stereo-BRUVs","npz6.21","Labridae","Coris","auricularis",120.86375,1,912.26499
"2021-05_Abrolhos_stereo-BRUVs","npz6.21","Labridae","Coris","auricularis",132.37399,1,1204.92518
"2021-05_Abrolhos_stereo-BRUVs","npz6.21","Labridae","Coris","auricularis",120.68187,1,816.46967
"2021-05_Abrolhos_stereo-BRUVs","npz6.21","Labridae","Coris","auricularis",134.40825,1,1310.74223
"2021-05_Abrolhos_stereo-BRUVs","npz6.21","Labridae","Coris","auricularis",117.55585,1,1149.16167
"2021-05_Abrolhos_stereo-BRUVs","npz6.21","Labridae","Coris","auricularis",137.90114,1,1058.21435
"2021-05_Abrolhos_stereo-BRUVs","npz6.21","Pomacentridae","Chromis","spp",48.97672,1,1157.63418
"2021-05_Abrolhos_stereo-BRUVs","npz6.21","Pomacentridae","Chromis","spp",50.987,1,1272.6472
"2021-05_Abrolhos_stereo-BRUVs","npz6.21","Pomacentridae","Chromis","spp",48.47003,1,1164.55152
"2021-05_Abrolhos_stereo-BRUVs","npz6.21","Pomacentridae","Chromis","spp",70.50036,1,940.16183
"2021-05_Abrolhos_stereo-BRUVs","npz6.21","Pomacentridae","Chromis","spp",61.5167,1,1414.88966
"2021-05_Abrolhos_stereo-BRUVs","npz6.21","Pomacentridae","Chromis","spp",57.68994,1,1265.69814
"2021-05_Abrolhos_stereo-BRUVs","npz6.21","Pomacentridae","Chromis","spp",51.73561,1,1161.73679
"2021-05_Abrolhos_stereo-BRUVs","npz6.21","Pomacentridae","Chromis","spp",12.09296,1,1610.84154
"2021-05_Abrolhos_stereo-BRUVs","npz6.21","Pomacentridae","Chromis","spp",47.33108,1,1065.69333
"2021-05_Abrolhos_stereo-BRUVs","npz6.21","Pomacentridae","Chromis","spp",55.15953,1,1011.19899
"2021-05_Abrolhos_stereo-BRUVs","npz6.21","Pomacentridae","Chromis","spp",45.98654,1,1784.6914
"2021-05_Abrolhos_stereo-BRUVs","npz6.21","Labridae","Bodianus","solatus",343.7005,1,2332.75419
"2021-05_Abrolhos_stereo-BRUVs","npz6.21","Carcharhinidae","Carcharhinus","plumbeus",1185.30176,1,1290.1122
"2021-05_Abrolhos_stereo-BRUVs","npz6.21","Lethrinidae","Lethrinus","nebulosus",520.31555,1,1351.24743
"2021-05_Abrolhos_stereo-BRUVs","npz6.21","Lethrinidae","Lethrinus","nebulosus",613.54899,1,1305.19877
"2021-05_Abrolhos_stereo-BRUVs","npz6.21","Lethrinidae","Lethrinus","nebulosus",503.39618,1,1392.9713
"2021-05_Abrolhos_stereo-BRUVs","npz6.21","Lethrinidae","Lethrinus","nebulosus",546.12797,1,1482.27959
"2021-05_Abrolhos_stereo-BRUVs","npz6.21","Lethrinidae","Lethrinus","nebulosus",585.99331,1,1368.12918
"2021-05_Abrolhos_stereo-BRUVs","npz6.21","Sparidae","Chrysophrys","auratus",447.70679,1,1312.4569
"2021-05_Abrolhos_stereo-BRUVs","npz6.21","Sparidae","Chrysophrys","auratus",429.48654,1,1176.85023
"2021-05_Abrolhos_stereo-BRUVs","npz6.21","Sparidae","Chrysophrys","auratus",411.48109,1,1377.6808
"2021-05_Abrolhos_stereo-BRUVs","npz6.21","Sparidae","Chrysophrys","auratus",637.65007,1,2321.35858
"2021-05_Abrolhos_stereo-BRUVs","npz6.21","Sparidae","Chrysophrys","auratus",451.11874,1,992.8618
"2021-05_Abrolhos_stereo-BRUVs","npz6.21","Labridae","Choerodon","rubescens",393.73422,1,3424.43424
"2021-05_Abrolhos_stereo-BRUVs","npz6.21","Labridae","Choerodon","rubescens",473.84596,1,1419.59079
"2021-05_Abrolhos_stereo-BRUVs","npz6.21","Labridae","Choerodon","rubescens",387.79128,1,2533.58083
"2021-05_Abrolhos_stereo-BRUVs","npz6.21","Pomacanthidae","Chaetodontoplus","personifer",221.96918,1,6643.7813
"2021-05_Abrolhos_stereo-BRUVs","npz6.21","Pomacanthidae","Chaetodontoplus","personifer",230.81397,1,6301.58024
"2021-05_Abrolhos_stereo-BRUVs","npz6.24","Mullidae","Parupeneus","spilurus",85.71134,1,1915.98746
"2021-05_Abrolhos_stereo-BRUVs","npz6.24","Haemulidae","Diagramma","pictum labiosum",727.99501,1,4278.97071
"2021-05_Abrolhos_stereo-BRUVs","npz6.24","Pomacentridae","Chromis","spp",50.59251,1,1097.34106
"2021-05_Abrolhos_stereo-BRUVs","npz6.24","Pomacentridae","Chromis","spp",48.2181,1,1046.34244
"2021-05_Abrolhos_stereo-BRUVs","npz6.24","Pomacentridae","Chromis","spp",58.30738,1,1376.89417
"2021-05_Abrolhos_stereo-BRUVs","npz6.24","Pomacentridae","Chromis","spp",42.54885,1,1614.40117
"2021-05_Abrolhos_stereo-BRUVs","npz6.24","Pomacentridae","Chromis","spp",41.27673,1,2078.22042
"2021-05_Abrolhos_stereo-BRUVs","npz6.24","Pomacentridae","Chromis","spp",66.67361,1,1679.06407
"2021-05_Abrolhos_stereo-BRUVs","npz6.24","Pomacentridae","Chromis","spp",62.93063,1,1711.57876
"2021-05_Abrolhos_stereo-BRUVs","npz6.24","Pomacentridae","Chromis","spp",47.2404,1,1845.42641
"2021-05_Abrolhos_stereo-BRUVs","npz6.24","Pomacentridae","Chromis","spp",57.18508,1,2037.03219
"2021-05_Abrolhos_stereo-BRUVs","npz6.24","Pomacentridae","Chromis","spp",57.97898,1,2271.73432
"2021-05_Abrolhos_stereo-BRUVs","npz6.24","Pomacentridae","Chromis","spp",49.24763,1,1775.94453
"2021-05_Abrolhos_stereo-BRUVs","npz6.24","Pomacentridae","Chromis","spp",86.24174,1,1825.62979
"2021-05_Abrolhos_stereo-BRUVs","npz6.24","Pomacentridae","Chromis","spp",55.93769,1,2293.0785
"2021-05_Abrolhos_stereo-BRUVs","npz6.24","Pomacentridae","Chromis","spp",67.15232,1,1981.64694
"2021-05_Abrolhos_stereo-BRUVs","npz6.24","Pomacentridae","Chromis","spp",56.73344,1,2086.96697
"2021-05_Abrolhos_stereo-BRUVs","npz6.24","Carangidae","Seriola","hippos",865.20955,1,1967.36931
"2021-05_Abrolhos_stereo-BRUVs","npz6.24","Carangidae","Seriola","hippos",907.23737,1,1850.48418
"2021-05_Abrolhos_stereo-BRUVs","npz6.24","Lethrinidae","Lethrinus","miniatus",666.33792,1,5872.36234
"2021-05_Abrolhos_stereo-BRUVs","npz6.24","Lethrinidae","Lethrinus","miniatus",497.94464,1,1405.99177
"2021-05_Abrolhos_stereo-BRUVs","npz6.24","Lethrinidae","Lethrinus","miniatus",509.36811,1,1326.03032
"2021-05_Abrolhos_stereo-BRUVs","npz6.24","Lethrinidae","Lethrinus","miniatus",739.52625,1,7323.22765
"2021-05_Abrolhos_stereo-BRUVs","npz6.24","Lethrinidae","Lethrinus","miniatus",511.20783,1,1536.83765
"2021-05_Abrolhos_stereo-BRUVs","npz6.24","Lethrinidae","Lethrinus","miniatus",428.90428,1,2198.76608
"2021-05_Abrolhos_stereo-BRUVs","npz6.24","Labridae","Coris","auricularis",161.37259,1,1187.77933
"2021-05_Abrolhos_stereo-BRUVs","npz6.24","Labridae","Coris","auricularis",66.88549,1,1270.7776
"2021-05_Abrolhos_stereo-BRUVs","npz6.24","Labridae","Coris","auricularis",94.68516,1,1548.67456
"2021-05_Abrolhos_stereo-BRUVs","npz6.24","Labridae","Coris","auricularis",64.01087,1,1303.12786
"2021-05_Abrolhos_stereo-BRUVs","npz6.24","Labridae","Coris","auricularis",209.16262,1,2118.13975
"2021-05_Abrolhos_stereo-BRUVs","npz6.24","Labridae","Coris","auricularis",112.6721,1,1023.2477
"2021-05_Abrolhos_stereo-BRUVs","npz6.24","Labridae","Coris","auricularis",78.86222,1,1247.19734
"2021-05_Abrolhos_stereo-BRUVs","npz6.24","Labridae","Coris","auricularis",173.84971,1,1554.16783
"2021-05_Abrolhos_stereo-BRUVs","npz6.24","Labridae","Coris","auricularis",162.34033,1,1500.37954
"2021-05_Abrolhos_stereo-BRUVs","npz6.24","Labridae","Coris","auricularis",70.16649,1,1085.97077
"2021-05_Abrolhos_stereo-BRUVs","npz6.24","Labridae","Coris","auricularis",179.86375,1,1899.0259
"2021-05_Abrolhos_stereo-BRUVs","npz6.24","Labridae","Coris","auricularis",69.74392,1,1518.95877
"2021-05_Abrolhos_stereo-BRUVs","npz6.24","Labridae","Coris","auricularis",54.53154,1,1064.11011
"2021-05_Abrolhos_stereo-BRUVs","npz6.24","Labridae","Coris","auricularis",69.886,1,1612.56533
"2021-05_Abrolhos_stereo-BRUVs","npz6.24","Labridae","Coris","auricularis",71.08056,1,1295.11968
"2021-05_Abrolhos_stereo-BRUVs","npz6.24","Labridae","Coris","auricularis",107.81384,1,1495.32927
"2021-05_Abrolhos_stereo-BRUVs","npz6.24","Labridae","Coris","auricularis",74.89248,1,1151.70983
"2021-05_Abrolhos_stereo-BRUVs","npz6.24","Labridae","Coris","auricularis",77.54247,1,941.35526
"2021-05_Abrolhos_stereo-BRUVs","npz6.24","Labridae","Coris","auricularis",106.40847,1,1643.62549
"2021-05_Abrolhos_stereo-BRUVs","npz6.24","Labridae","Coris","auricularis",73.28052,1,1302.48455
"2021-05_Abrolhos_stereo-BRUVs","npz6.24","Labridae","Coris","auricularis",150.6047,1,971.07556
"2021-05_Abrolhos_stereo-BRUVs","npz6.24","Labridae","Coris","auricularis",60.00018,1,1329.76068
"2021-05_Abrolhos_stereo-BRUVs","npz6.24","Labridae","Coris","auricularis",131.57077,1,1062.21714
"2021-05_Abrolhos_stereo-BRUVs","npz6.24","Labridae","Coris","auricularis",154.02483,1,1581.49566
"2021-05_Abrolhos_stereo-BRUVs","npz6.24","Labridae","Coris","auricularis",147.19866,1,2174.52951
"2021-05_Abrolhos_stereo-BRUVs","npz6.24","Labridae","Coris","auricularis",71.55414,1,1151.73216
"2021-05_Abrolhos_stereo-BRUVs","npz6.24","Labridae","Coris","auricularis",85.4438,1,1287.33062
"2021-05_Abrolhos_stereo-BRUVs","npz6.24","Labridae","Coris","auricularis",200.55764,1,933.61902
"2021-05_Abrolhos_stereo-BRUVs","npz6.24","Labridae","Coris","auricularis",244.69768,1,949.58505
"2021-05_Abrolhos_stereo-BRUVs","npz6.24","Labridae","Coris","auricularis",66.63709,1,1035.7416
"2021-05_Abrolhos_stereo-BRUVs","npz6.24","Labridae","Coris","auricularis",188.60431,1,1155.74054
"2021-05_Abrolhos_stereo-BRUVs","npz6.24","Labridae","Coris","auricularis",64.49647,1,1207.89624
"2021-05_Abrolhos_stereo-BRUVs","npz6.24","Labridae","Choerodon","rubescens",524.64544,1,3609.79469
"2021-05_Abrolhos_stereo-BRUVs","npz6.24","Labridae","Suezichthys","cyanolaemus",56.65307,1,1159.49761
"2021-05_Abrolhos_stereo-BRUVs","npz6.26","Sparidae","Chrysophrys","auratus",411.14198,1,1697.59707
"2021-05_Abrolhos_stereo-BRUVs","npz6.26","Sparidae","Chrysophrys","auratus",392.79292,1,1064.10597
"2021-05_Abrolhos_stereo-BRUVs","npz6.26","Labridae","Choerodon","rubescens",453.18111,1,2398.85343
"2021-05_Abrolhos_stereo-BRUVs","npz6.26","Labridae","Choerodon","rubescens",549.72377,1,4343.10518
"2021-05_Abrolhos_stereo-BRUVs","npz6.26","Labridae","Choerodon","rubescens",327.29853,1,2709.08874
"2021-05_Abrolhos_stereo-BRUVs","npz6.26","Labridae","Choerodon","rubescens",496.62623,1,3559.73136
"2021-05_Abrolhos_stereo-BRUVs","npz6.26","Labridae","Choerodon","rubescens",512.45867,1,4819.84516
"2021-05_Abrolhos_stereo-BRUVs","npz6.26","Lethrinidae","Lethrinus","nebulosus",529.88138,1,4533.99517
"2021-05_Abrolhos_stereo-BRUVs","npz6.26","Lethrinidae","Lethrinus","nebulosus",607.13248,1,6799.00834
"2021-05_Abrolhos_stereo-BRUVs","npz6.26","Carangidae","Carangoides","fulvoguttatus",671.26179,1,1416.762
"2021-05_Abrolhos_stereo-BRUVs","npz6.26","Lethrinidae","Lethrinus","miniatus",499.6861,1,5038.64278
"2021-05_Abrolhos_stereo-BRUVs","npz6.26","Lethrinidae","Lethrinus","miniatus",529.21933,1,2527.36855
"2021-05_Abrolhos_stereo-BRUVs","npz6.26","Lethrinidae","Lethrinus","miniatus",373.84421,1,1368.27609
"2021-05_Abrolhos_stereo-BRUVs","npz6.26","Lethrinidae","Lethrinus","miniatus",526.34461,1,875.47205
"2021-05_Abrolhos_stereo-BRUVs","npz6.26","Lethrinidae","Lethrinus","ravus",360.65307,1,1101.55707
"2021-05_Abrolhos_stereo-BRUVs","npz6.26","Lethrinidae","Lethrinus","ravus",311.13914,1,1354.95215
"2021-05_Abrolhos_stereo-BRUVs","npz6.26","Lethrinidae","Lethrinus","ravus",322.76686,1,878.35274
"2021-05_Abrolhos_stereo-BRUVs","npz6.26","Lethrinidae","Lethrinus","ravus",368.73025,1,2436.81599
"2021-05_Abrolhos_stereo-BRUVs","npz6.27","Lethrinidae","Lethrinus","miniatus",501.68234,1,1467.64476
"2021-05_Abrolhos_stereo-BRUVs","npz6.27","Lethrinidae","Lethrinus","miniatus",303.77395,1,1197.58515
"2021-05_Abrolhos_stereo-BRUVs","npz6.27","Lethrinidae","Lethrinus","miniatus",405.6315,1,1272.11308
"2021-05_Abrolhos_stereo-BRUVs","npz6.27","Lethrinidae","Lethrinus","miniatus",378.49834,1,1340.76949
"2021-05_Abrolhos_stereo-BRUVs","npz6.27","Lethrinidae","Lethrinus","miniatus",284.14,1,1174.88553
"2021-05_Abrolhos_stereo-BRUVs","npz6.27","Lethrinidae","Lethrinus","miniatus",380.47538,1,1436.4294
"2021-05_Abrolhos_stereo-BRUVs","npz6.27","Lethrinidae","Lethrinus","nebulosus",725.27485,1,1097.08807
"2021-05_Abrolhos_stereo-BRUVs","npz6.27","Lethrinidae","Lethrinus","nebulosus",656.57803,1,1803.38229
"2021-05_Abrolhos_stereo-BRUVs","npz6.27","Lethrinidae","Lethrinus","nebulosus",663.63219,1,1419.62709
"2021-05_Abrolhos_stereo-BRUVs","npz6.27","Labridae","Choerodon","rubescens",384.58469,1,2081.1137
"2021-05_Abrolhos_stereo-BRUVs","npz6.27","Carangidae","Seriola","hippos",937.32267,1,2216.02144
"2021-05_Abrolhos_stereo-BRUVs","npz6.28","Triakidae","Mustelus","spp",707.39895,1,1350.8778
"2021-05_Abrolhos_stereo-BRUVs","npz6.28","Tetraodontidae","Lagocephalus","sceleratus",413.97498,1,2654.94632
"2021-05_Abrolhos_stereo-BRUVs","npz6.36","Serranidae","Epinephelus","rivulatus",265.70951,1,1664.5147
"2021-05_Abrolhos_stereo-BRUVs","npz6.36","Lethrinidae","Lethrinus","miniatus",413.27859,1,1240.99286
"2021-05_Abrolhos_stereo-BRUVs","npz6.36","Lethrinidae","Lethrinus","nebulosus",631.18795,1,999.89609
"2021-05_Abrolhos_stereo-BRUVs","npz6.36","Lethrinidae","Lethrinus","nebulosus",571.17483,1,1196.93882
"2021-05_Abrolhos_stereo-BRUVs","npz6.36","Labridae","Choerodon","rubescens",418.81086,1,2404.82983
"2021-05_Abrolhos_stereo-BRUVs","npz6.36","Carangidae","Seriola","hippos",639.00148,1,2201.62386
"2021-05_Abrolhos_stereo-BRUVs","npz6.36","Sparidae","Chrysophrys","auratus",439.53165,1,816.18901
"2021-05_Abrolhos_stereo-BRUVs","npz6.36","Sparidae","Chrysophrys","auratus",348.41815,1,1792.18263
"2021-05_Abrolhos_stereo-BRUVs","npz6.36","Sparidae","Chrysophrys","auratus",472.38178,1,1496.64554
"2021-05_Abrolhos_stereo-BRUVs","npz6.36","Sparidae","Chrysophrys","auratus",488.43062,1,1013.68096
"2021-05_Abrolhos_stereo-BRUVs","npz6.36","Sparidae","Chrysophrys","auratus",357.45173,1,1557.2011
"2021-05_Abrolhos_stereo-BRUVs","npz6.36","Sparidae","Chrysophrys","auratus",327.8511,1,1305.94022
"2021-05_Abrolhos_stereo-BRUVs","npz6.36","Sparidae","Chrysophrys","auratus",320.68717,1,1626.48087
"2021-05_Abrolhos_stereo-BRUVs","npz6.36","Sparidae","Chrysophrys","auratus",394.84071,1,1458.59866
"2021-05_Abrolhos_stereo-BRUVs","npz6.4","Nemipteridae","Pentapodus","spp",68.48464,1,910.24489
"2021-05_Abrolhos_stereo-BRUVs","npz6.4","Pinguipedidae","Parapercis","nebulosa",90.07812,1,2018.68572
"2021-05_Abrolhos_stereo-BRUVs","npz6.4","Serranidae","Epinephelus","rivulatus",267.81472,1,1746.64876
"2021-05_Abrolhos_stereo-BRUVs","npz6.4","Nemipteridae","Pentapodus","nagasakiensis",156.96267,1,1169.5637
"2021-05_Abrolhos_stereo-BRUVs","npz6.4","Labridae","Coris","auricularis",182.06122,1,1681.12519
"2021-05_Abrolhos_stereo-BRUVs","npz6.4","Labridae","Coris","auricularis",134.61961,1,1813.82164
"2021-05_Abrolhos_stereo-BRUVs","npz6.4","Labridae","Coris","auricularis",187.70427,1,1790.11598
"2021-05_Abrolhos_stereo-BRUVs","npz6.4","Labridae","Coris","auricularis",212.97957,1,1368.40375
"2021-05_Abrolhos_stereo-BRUVs","npz6.4","Labridae","Coris","auricularis",137.25336,1,1881.40332
"2021-05_Abrolhos_stereo-BRUVs","npz6.4","Labridae","Coris","auricularis",155.88169,1,1841.45998
"2021-05_Abrolhos_stereo-BRUVs","npz6.4","Carangidae","Seriola","hippos",561.44626,1,1640.7943
"2021-05_Abrolhos_stereo-BRUVs","npz6.4","Labridae","Bodianus","solatus",350.64371,1,2881.2785
"2021-05_Abrolhos_stereo-BRUVs","npz6.4","Lethrinidae","Lethrinus","miniatus",526.22271,1,1560.95475
"2021-05_Abrolhos_stereo-BRUVs","npz6.4","Lethrinidae","Lethrinus","miniatus",420.63666,1,1771.41759
"2021-05_Abrolhos_stereo-BRUVs","npz6.4","Lethrinidae","Lethrinus","nebulosus",587.61143,1,1542.42887
"2021-05_Abrolhos_stereo-BRUVs","npz6.4","Lethrinidae","Lethrinus","nebulosus",546.28104,1,1419.50563
"2021-05_Abrolhos_stereo-BRUVs","npz6.4","Carcharhinidae","Carcharhinus","plumbeus",909.80678,1,1618.43232
"2021-05_Abrolhos_stereo-BRUVs","npz6.4","Sparidae","Chrysophrys","auratus",387.93766,1,1407.7827
"2021-05_Abrolhos_stereo-BRUVs","npz6.4","Sparidae","Chrysophrys","auratus",289.02218,1,1244.45031
"2021-05_Abrolhos_stereo-BRUVs","npz6.4","Sparidae","Chrysophrys","auratus",352.35497,1,1046.27834
"2021-05_Abrolhos_stereo-BRUVs","npz6.4","Sparidae","Chrysophrys","auratus",347.60052,1,1722.2863
"2021-05_Abrolhos_stereo-BRUVs","npz6.4","Sparidae","Chrysophrys","auratus",372.04727,1,1432.58152
"2021-05_Abrolhos_stereo-BRUVs","npz6.4","Sparidae","Chrysophrys","auratus",338.54933,1,1660.8567
"2021-05_Abrolhos_stereo-BRUVs","npz6.4","Sparidae","Chrysophrys","auratus",353.94789,1,1243.1108
"2021-05_Abrolhos_stereo-BRUVs","npz6.4","Sparidae","Chrysophrys","auratus",520.51751,1,1113.3055
"2021-05_Abrolhos_stereo-BRUVs","npz6.4","Sparidae","Chrysophrys","auratus",431.36359,1,1268.94942
"2021-05_Abrolhos_stereo-BRUVs","npz6.4","Sparidae","Chrysophrys","auratus",317.65758,1,1263.47644
"2021-05_Abrolhos_stereo-BRUVs","npz6.4","Sparidae","Chrysophrys","auratus",381.14257,1,1469.81013
"2021-05_Abrolhos_stereo-BRUVs","npz6.4","Sparidae","Chrysophrys","auratus",354.6237,1,1385.65723
"2021-05_Abrolhos_stereo-BRUVs","npz6.4","Sparidae","Chrysophrys","auratus",365.16709,1,1674.16033
"2021-05_Abrolhos_stereo-BRUVs","npz6.4","Sparidae","Chrysophrys","auratus",441.12149,1,1177.34759
"2021-05_Abrolhos_stereo-BRUVs","npz6.4","Sparidae","Chrysophrys","auratus",510.92299,1,1208.86742
"2021-05_Abrolhos_stereo-BRUVs","npz6.5","Labridae","Choerodon","rubescens",416.00359,1,2323.23471
"2021-05_Abrolhos_stereo-BRUVs","npz6.5","Labridae","Choerodon","rubescens",306.31041,1,2769.59791
"2021-05_Abrolhos_stereo-BRUVs","npz6.5","Lethrinidae","Lethrinus","nebulosus",534.90751,1,1526.299
"2021-05_Abrolhos_stereo-BRUVs","npz6.5","Lethrinidae","Lethrinus","nebulosus",589.76914,1,2876.30134
"2021-05_Abrolhos_stereo-BRUVs","npz6.5","Sparidae","Chrysophrys","auratus",524.01706,1,1507.99549
"2021-05_Abrolhos_stereo-BRUVs","npz6.5","Sparidae","Chrysophrys","auratus",451.67371,1,2485.28894
"2021-05_Abrolhos_stereo-BRUVs","npz6.5","Sparidae","Chrysophrys","auratus",505.88124,1,1848.38833
"2021-05_Abrolhos_stereo-BRUVs","npz6.6","Labridae","Choerodon","rubescens",398.09802,1,4071.59463
"2021-05_Abrolhos_stereo-BRUVs","npz6.6","Carangidae","Seriola","hippos",866.70427,1,1664.37116
"2021-05_Abrolhos_stereo-BRUVs","npz6.6","Haemulidae","Diagramma","pictum labiosum",507.025,1,2210.99943
"2021-05_Abrolhos_stereo-BRUVs","npz6.6","Lethrinidae","Lethrinus","nebulosus",581.84305,1,1639.39679
"2021-05_Abrolhos_stereo-BRUVs","npz6.6","Lethrinidae","Lethrinus","miniatus",441.42577,1,3980.94655
"2021-05_Abrolhos_stereo-BRUVs","npz6.6","Lethrinidae","Lethrinus","miniatus",429.51379,1,1406.35536
"2021-05_Abrolhos_stereo-BRUVs","npz6.6","Lethrinidae","Lethrinus","miniatus",359.75067,1,2829.74094
"2021-05_Abrolhos_stereo-BRUVs","npz6.6","Lethrinidae","Lethrinus","miniatus",332.40739,1,1392.26478
"2021-05_Abrolhos_stereo-BRUVs","npz6.6","Lethrinidae","Lethrinus","miniatus",481.73013,1,1851.09401
"2021-05_Abrolhos_stereo-BRUVs","npz6.6","Lethrinidae","Lethrinus","miniatus",376.10889,1,1366.36873
"2021-05_Abrolhos_stereo-BRUVs","npz6.6","Lethrinidae","Lethrinus","miniatus",338.49525,1,1808.37861
"2021-05_Abrolhos_stereo-BRUVs","npz6.6","Lethrinidae","Lethrinus","miniatus",443.71013,1,1451.72069
"2021-05_Abrolhos_stereo-BRUVs","npz6.6","Lethrinidae","Lethrinus","miniatus",457.45759,1,1352.11543
"2021-05_Abrolhos_stereo-BRUVs","npz6.6","Lethrinidae","Lethrinus","miniatus",479.76219,1,2302.06792
"2021-05_Abrolhos_stereo-BRUVs","npz6.8","Sphyrnidae","Sphyrna","lewini",1415.52164,1,2816.51463
"2021-05_Abrolhos_stereo-BRUVs","npz6.8","Ariidae","Netuma","thalassina",552.79917,1,1629.87342
"2021-05_Abrolhos_stereo-BRUVs","npz6.8","Carcharhinidae","Carcharhinus","spp",588.73446,1,1153.09475
"2021-05_Abrolhos_stereo-BRUVs","npz6.9","Lethrinidae","Lethrinus","nebulosus",485.58074,1,1645.72328
"2021-05_Abrolhos_stereo-BRUVs","npz6.9","Sparidae","Chrysophrys","auratus",335.465,1,909.44304
"2021-05_Abrolhos_stereo-BRUVs","npz6.9","Sparidae","Chrysophrys","auratus",469.70334,1,984.06875
"2021-05_Abrolhos_stereo-BRUVs","npz6.9","Sparidae","Chrysophrys","auratus",388.27761,1,1216.80332
"2021-05_Abrolhos_stereo-BRUVs","npz6.9","Sparidae","Chrysophrys","auratus",382.6499,1,1287.42576
"2021-05_Abrolhos_stereo-BRUVs","npz6.9","Sparidae","Chrysophrys","auratus",391.08249,1,1871.76217
"2021-05_Abrolhos_stereo-BRUVs","npz6.9","Sparidae","Chrysophrys","auratus",405.80423,1,1275.49978
"2021-05_Abrolhos_stereo-BRUVs","npz6.9","Sparidae","Chrysophrys","auratus",415.17258,1,1508.9369
"2021-05_Abrolhos_stereo-BRUVs","npz6.9","Sparidae","Chrysophrys","auratus",415.44011,1,1384.43939
"2021-05_Abrolhos_stereo-BRUVs","npz6.9","Sparidae","Chrysophrys","auratus",412.15771,1,1184.32845
"2021-05_Abrolhos_stereo-BRUVs","npz6.9","Sparidae","Chrysophrys","auratus",353.66438,1,1236.30592
"2021-05_Abrolhos_stereo-BRUVs","npz6.9","Sparidae","Chrysophrys","auratus",327.60168,1,1070.98569
"2021-05_Abrolhos_stereo-BRUVs","npz6.9","Lethrinidae","Lethrinus","miniatus",395.80715,1,1102.13758
"2021-05_Abrolhos_stereo-BRUVs","npz6.BOSS41","Monacanthidae","Unknown","spp",84.13587,1,2034.76636
"2021-05_Abrolhos_stereo-BRUVs","npz6.BOSS41","Labridae","Suezichthys","cyanolaemus",68.71407,1,1136.84343
"2021-05_Abrolhos_stereo-BRUVs","npz6.BOSS41","Apogonidae","Ostorhinchus","spp",41.16828,1,1375.27243
"2021-05_Abrolhos_stereo-BRUVs","npz6.BOSS41","Sparidae","Chrysophrys","auratus",430.05255,1,2106.97533
"2021-05_Abrolhos_stereo-BRUVs","npz6.BOSS41","Sparidae","Chrysophrys","auratus",348.42562,1,1620.0899
"2021-05_Abrolhos_stereo-BRUVs","npz6.BOSS41","Sparidae","Chrysophrys","auratus",490.83695,1,1350.08869
"2021-05_Abrolhos_stereo-BRUVs","npz6.BOSS41","Carangidae","Seriola","dumerili",650.77287,1,2245.57106
"2021-05_Abrolhos_stereo-BRUVs","npz6.BOSS41","Muraenidae","Gymnothorax","woodwardi",467.07138,1,1141.67635
"2021-05_Abrolhos_stereo-BRUVs","npz6.BOSS41","Carangidae","Seriola","hippos",868.26922,1,3767.1113
"2021-05_Abrolhos_stereo-BRUVs","npz6.BOSS41","Carangidae","Seriola","hippos",969.63202,1,4568.86684
"2021-05_Abrolhos_stereo-BRUVs","npz6.C01","Triakidae","Mustelus","spp",764.30915,1,1057.91797
"2021-05_Abrolhos_stereo-BRUVs","npz6.C01","Rhinidae","Rhynchobatus","australiae",995.8047,1,1855.42306
"2021-05_Abrolhos_stereo-BRUVs","npz6.C01","Sparidae","Chrysophrys","auratus",318.43498,1,1335.57502
"2021-05_Abrolhos_stereo-BRUVs","npz6.C01","Tetraodontidae","Lagocephalus","sceleratus",383.44091,1,1917.00632
"2021-05_Abrolhos_stereo-BRUVs","npz6.C01","Tetraodontidae","Lagocephalus","sceleratus",454.365,1,1884.32688
"2021-05_Abrolhos_stereo-BRUVs","npz9.1","Sparidae","Chrysophrys","auratus",341.8734,1,1373.49517
"2021-05_Abrolhos_stereo-BRUVs","npz9.1","Serranidae","Epinephelus","areolatus",401.69513,1,2145.87458
"2021-05_Abrolhos_stereo-BRUVs","npz9.1","Lethrinidae","Lethrinus","miniatus",526.43035,1,1349.64995
"2021-05_Abrolhos_stereo-BRUVs","npz9.1","Lethrinidae","Lethrinus","miniatus",457.2279,1,1915.7041
"2021-05_Abrolhos_stereo-BRUVs","npz9.1","Lethrinidae","Lethrinus","miniatus",485.59175,1,1194.30321
"2021-05_Abrolhos_stereo-BRUVs","npz9.1","Lutjanidae","Pristipomoides","multidens",439.62269,1,1874.74692
"2021-05_Abrolhos_stereo-BRUVs","npz9.1","Lutjanidae","Pristipomoides","multidens",493.42967,1,2030.29266
"2021-05_Abrolhos_stereo-BRUVs","npz9.1","Lutjanidae","Pristipomoides","multidens",470.17065,1,1802.34112
"2021-05_Abrolhos_stereo-BRUVs","npz9.1","Lutjanidae","Pristipomoides","typus",447.982,1,2018.50689
"2021-05_Abrolhos_stereo-BRUVs","npz9.1","Labridae","Bodianus","solatus",296.2177,1,1616.66531
"2021-05_Abrolhos_stereo-BRUVs","npz9.10","Gerreidae","Unknown","spp",50.31342,1,2733.08226
"2021-05_Abrolhos_stereo-BRUVs","npz9.10","Pinguipedidae","Parapercis","nebulosa",71.50869,1,1157.82689
"2021-05_Abrolhos_stereo-BRUVs","npz9.10","Labridae","Coris","auricularis",108.90933,1,1157.13268
"2021-05_Abrolhos_stereo-BRUVs","npz9.10","Labridae","Coris","auricularis",120.14155,1,1397.86939
"2021-05_Abrolhos_stereo-BRUVs","npz9.10","Labridae","Coris","auricularis",143.58505,1,2203.2326
"2021-05_Abrolhos_stereo-BRUVs","npz9.10","Labridae","Coris","auricularis",148.62409,1,2597.86549
"2021-05_Abrolhos_stereo-BRUVs","npz9.10","Haemulidae","Diagramma","pictum labiosum",554.23513,1,2617.12333
"2021-05_Abrolhos_stereo-BRUVs","npz9.10","Nemipteridae","Pentapodus","nagasakiensis",84.40328,1,1493.92091
"2021-05_Abrolhos_stereo-BRUVs","npz9.10","Sparidae","Chrysophrys","auratus",464.51772,1,1194.77264
"2021-05_Abrolhos_stereo-BRUVs","npz9.10","Carangidae","Decapterus","spp",306.80249,1,3564.43245
"2021-05_Abrolhos_stereo-BRUVs","npz9.10","Carangidae","Decapterus","spp",284.75635,1,3506.45973
"2021-05_Abrolhos_stereo-BRUVs","npz9.10","Carangidae","Decapterus","spp",300.22029,1,3104.93042
"2021-05_Abrolhos_stereo-BRUVs","npz9.10","Labridae","Stethojulis","sp1",121.39968,1,2119.13204
"2021-05_Abrolhos_stereo-BRUVs","npz9.10","Labridae","Stethojulis","sp1",94.30207,1,3104.89437
"2021-05_Abrolhos_stereo-BRUVs","npz9.10","Lethrinidae","Lethrinus","miniatus",411.68396,1,1124.16454
"2021-05_Abrolhos_stereo-BRUVs","npz9.10","Lethrinidae","Lethrinus","miniatus",486.8842,1,1518.46949
"2021-05_Abrolhos_stereo-BRUVs","npz9.10","Lethrinidae","Lethrinus","miniatus",420.15251,1,1695.59065
"2021-05_Abrolhos_stereo-BRUVs","npz9.10","Lethrinidae","Lethrinus","miniatus",553.77069,1,1136.97058
"2021-05_Abrolhos_stereo-BRUVs","npz9.10","Lethrinidae","Lethrinus","miniatus",489.81618,1,1468.21189
"2021-05_Abrolhos_stereo-BRUVs","npz9.10","Lethrinidae","Lethrinus","miniatus",505.57011,1,1109.24872
"2021-05_Abrolhos_stereo-BRUVs","npz9.10","Lethrinidae","Lethrinus","miniatus",443.30218,1,1614.08982
"2021-05_Abrolhos_stereo-BRUVs","npz9.10","Lethrinidae","Lethrinus","miniatus",453.06039,1,1979.25079
"2021-05_Abrolhos_stereo-BRUVs","npz9.10","Carangidae","Seriola","dumerili",423.7633,1,1705.68873
"2021-05_Abrolhos_stereo-BRUVs","npz9.10","Carangidae","Seriola","dumerili",423.03318,1,1762.09268
"2021-05_Abrolhos_stereo-BRUVs","npz9.10","Carangidae","Seriola","dumerili",390.10048,1,1594.76759
"2021-05_Abrolhos_stereo-BRUVs","npz9.10","Carangidae","Seriola","dumerili",388.6405,1,1629.66028
"2021-05_Abrolhos_stereo-BRUVs","npz9.10","Carangidae","Seriola","dumerili",446.11875,1,1891.3607
"2021-05_Abrolhos_stereo-BRUVs","npz9.10","Carangidae","Pseudocaranx","spp",424.08063,1,2095.30399
"2021-05_Abrolhos_stereo-BRUVs","npz9.10","Carangidae","Pseudocaranx","spp",380.84272,1,1800.08111
"2021-05_Abrolhos_stereo-BRUVs","npz9.10","Lethrinidae","Lethrinus","nebulosus",491.55582,1,2388.90288
"2021-05_Abrolhos_stereo-BRUVs","npz9.11","Labridae","Coris","auricularis",211.89032,1,1390.59457
"2021-05_Abrolhos_stereo-BRUVs","npz9.11","Labridae","Stethojulis","spp",137.49682,1,1373.45953
"2021-05_Abrolhos_stereo-BRUVs","npz9.11","Carangidae","Seriola","hippos",520.37066,1,2079.78871
"2021-05_Abrolhos_stereo-BRUVs","npz9.11","Lethrinidae","Lethrinus","miniatus",406.98762,1,1267.55312
"2021-05_Abrolhos_stereo-BRUVs","npz9.11","Lethrinidae","Lethrinus","miniatus",463.56403,1,1552.10687
"2021-05_Abrolhos_stereo-BRUVs","npz9.11","Lethrinidae","Lethrinus","miniatus",494.32839,1,1264.07769
"2021-05_Abrolhos_stereo-BRUVs","npz9.11","Lethrinidae","Lethrinus","miniatus",470.76453,1,1319.07641
"2021-05_Abrolhos_stereo-BRUVs","npz9.11","Lethrinidae","Lethrinus","miniatus",465.70292,1,1328.71512
"2021-05_Abrolhos_stereo-BRUVs","npz9.11","Lethrinidae","Lethrinus","miniatus",486.34703,1,1178.22858
"2021-05_Abrolhos_stereo-BRUVs","npz9.11","Lethrinidae","Lethrinus","miniatus",515.54216,1,2716.35349
"2021-05_Abrolhos_stereo-BRUVs","npz9.12","Tetraodontidae","Lagocephalus","sceleratus",438.21768,1,2569.17814
"2021-05_Abrolhos_stereo-BRUVs","npz9.13","Labridae","Coris","auricularis",247.59545,1,1159.73047
"2021-05_Abrolhos_stereo-BRUVs","npz9.13","Labridae","Coris","auricularis",157.60251,1,1379.34629
"2021-05_Abrolhos_stereo-BRUVs","npz9.13","Labridae","Coris","auricularis",81.56439,1,1403.88491
"2021-05_Abrolhos_stereo-BRUVs","npz9.13","Carcharhinidae","Carcharhinus","plumbeus",1103.82903,1,5410.34584
"2021-05_Abrolhos_stereo-BRUVs","npz9.13","Labridae","Stethojulis","spp",121.66162,1,1644.87291
"2021-05_Abrolhos_stereo-BRUVs","npz9.13","Apogonidae","Ostorhinchus","spp",74.38784,1,1418.10433
"2021-05_Abrolhos_stereo-BRUVs","npz9.13","Apogonidae","Ostorhinchus","spp",64.54939,1,1377.91772
"2021-05_Abrolhos_stereo-BRUVs","npz9.13","Apogonidae","Ostorhinchus","spp",77.98426,1,1423.27145
"2021-05_Abrolhos_stereo-BRUVs","npz9.13","Apogonidae","Ostorhinchus","spp",56.90048,1,1481.84089
"2021-05_Abrolhos_stereo-BRUVs","npz9.13","Apogonidae","Ostorhinchus","spp",52.04948,1,1476.48281
"2021-05_Abrolhos_stereo-BRUVs","npz9.13","Apogonidae","Ostorhinchus","spp",67.50444,1,1571.48441
"2021-05_Abrolhos_stereo-BRUVs","npz9.13","Apogonidae","Ostorhinchus","spp",78.42491,1,1541.86708
"2021-05_Abrolhos_stereo-BRUVs","npz9.13","Labridae","Unknown","spp",78.48728,1,1775.66326
"2021-05_Abrolhos_stereo-BRUVs","npz9.13","Gerreidae","Unknown","spp",68.64152,1,2757.85592
"2021-05_Abrolhos_stereo-BRUVs","npz9.13","Gerreidae","Unknown","spp",45.71149,1,1620.82506
"2021-05_Abrolhos_stereo-BRUVs","npz9.13","Serranidae","Epinephelus","areolatus",394.36111,1,1274.23602
"2021-05_Abrolhos_stereo-BRUVs","npz9.14","Carangidae","Seriola","hippos",657.82005,1,4614.18471
"2021-05_Abrolhos_stereo-BRUVs","npz9.14","Gerreidae","Unknown","spp",508.88978,1,2008.25961
"2021-05_Abrolhos_stereo-BRUVs","npz9.14","Ostraciidae","Tetrosomus","reipublicae",196.44313,1,2903.66071
"2021-05_Abrolhos_stereo-BRUVs","npz9.14","Lethrinidae","Lethrinus","miniatus",556.42298,1,1765.34216
"2021-05_Abrolhos_stereo-BRUVs","npz9.14","Sparidae","Chrysophrys","auratus",382.13476,1,952.42042
"2021-05_Abrolhos_stereo-BRUVs","npz9.14","Lethrinidae","Gymnocranius","grandoculis",523.41854,1,1971.56969
"2021-05_Abrolhos_stereo-BRUVs","npz9.14","Lethrinidae","Gymnocranius","grandoculis",557.06492,1,2240.72992
"2021-05_Abrolhos_stereo-BRUVs","npz9.14","Lethrinidae","Gymnocranius","grandoculis",496.45874,1,3877.78829
"2021-05_Abrolhos_stereo-BRUVs","npz9.14","Labridae","Coris","auricularis",275.96832,1,1528.28875
"2021-05_Abrolhos_stereo-BRUVs","npz9.16","Sparidae","Chrysophrys","auratus",401.63638,1,1858.34716
"2021-05_Abrolhos_stereo-BRUVs","npz9.16","Labridae","Bodianus","solatus",344.41201,1,3053.26774
"2021-05_Abrolhos_stereo-BRUVs","npz9.16","Lutjanidae","Pristipomoides","spp",419.24654,1,4059.26329
"2021-05_Abrolhos_stereo-BRUVs","npz9.16","Lethrinidae","Lethrinus","miniatus",461.97761,1,1820.32232
"2021-05_Abrolhos_stereo-BRUVs","npz9.17","Pinguipedidae","Parapercis","nebulosa",71.22675,1,2094.2234
"2021-05_Abrolhos_stereo-BRUVs","npz9.17","Labridae","Bodianus","vulpinus",336.39593,1,4041.81265
"2021-05_Abrolhos_stereo-BRUVs","npz9.17","Sparidae","Chrysophrys","auratus",561.36218,1,2058.39315
"2021-05_Abrolhos_stereo-BRUVs","npz9.17","Serranidae","Epinephelus","areolatus",442.50742,1,1360.83889
"2021-05_Abrolhos_stereo-BRUVs","npz9.17","Serranidae","Epinephelus","areolatus",396.66921,1,1650.92655
"2021-05_Abrolhos_stereo-BRUVs","npz9.17","Serranidae","Epinephelus","areolatus",387.95213,1,1239.95182
"2021-05_Abrolhos_stereo-BRUVs","npz9.17","Lutjanidae","Pristipomoides","multidens",557.10961,1,1280.03869
"2021-05_Abrolhos_stereo-BRUVs","npz9.17","Lutjanidae","Pristipomoides","multidens",507.89163,1,1838.35896
"2021-05_Abrolhos_stereo-BRUVs","npz9.17","Lutjanidae","Pristipomoides","multidens",451.00248,1,1463.94182
"2021-05_Abrolhos_stereo-BRUVs","npz9.17","Lutjanidae","Pristipomoides","multidens",451.28915,1,1907.10388
"2021-05_Abrolhos_stereo-BRUVs","npz9.17","Serranidae","Epinephelus","morrhua",460.40602,1,1735.93618
"2021-05_Abrolhos_stereo-BRUVs","npz9.17","Lethrinidae","Lethrinus","miniatus",461.41773,1,1825.1342
"2021-05_Abrolhos_stereo-BRUVs","npz9.17","Lethrinidae","Lethrinus","miniatus",512.21117,1,1325.26432
"2021-05_Abrolhos_stereo-BRUVs","npz9.17","Lethrinidae","Lethrinus","miniatus",428.32901,1,1446.18313
"2021-05_Abrolhos_stereo-BRUVs","npz9.17","Lethrinidae","Lethrinus","miniatus",455.09622,1,1299.87567
"2021-05_Abrolhos_stereo-BRUVs","npz9.17","Carangidae","Seriola","hippos",765.62454,1,3563.28012
"2021-05_Abrolhos_stereo-BRUVs","npz9.17","Carangidae","Seriola","hippos",851.07802,1,6758.12848
"2021-05_Abrolhos_stereo-BRUVs","npz9.18","Tetraodontidae","Lagocephalus","sceleratus",458.67829,1,2229.06928
"2021-05_Abrolhos_stereo-BRUVs","npz9.18","Monacanthidae","Nelusetta","ayraud",389.88779,1,2162.49222
"2021-05_Abrolhos_stereo-BRUVs","npz9.18","Monacanthidae","Nelusetta","ayraud",504.76898,1,1514.12377
"2021-05_Abrolhos_stereo-BRUVs","npz9.18","Triakidae","Mustelus","spp",684.82793,1,3933.1388
"2021-05_Abrolhos_stereo-BRUVs","npz9.18","Lutjanidae","Pristipomoides","multidens",385.9404,1,1870.90227
"2021-05_Abrolhos_stereo-BRUVs","npz9.18","Lutjanidae","Pristipomoides","multidens",409.18672,1,3059.19594
"2021-05_Abrolhos_stereo-BRUVs","npz9.18","Sparidae","Chrysophrys","auratus",388.39563,1,1363.42867
"2021-05_Abrolhos_stereo-BRUVs","npz9.18","Sparidae","Chrysophrys","auratus",396.0751,1,1310.39067
"2021-05_Abrolhos_stereo-BRUVs","npz9.18","Sparidae","Chrysophrys","auratus",320.83566,1,1394.03871
"2021-05_Abrolhos_stereo-BRUVs","npz9.2","Lethrinidae","Gymnocranius","grandoculis",598.5451,1,2713.18303
"2021-05_Abrolhos_stereo-BRUVs","npz9.2","Tetraodontidae","Lagocephalus","sceleratus",414.05275,1,2349.56863
"2021-05_Abrolhos_stereo-BRUVs","npz9.2","Sparidae","Chrysophrys","auratus",512.69107,1,1463.78608
"2021-05_Abrolhos_stereo-BRUVs","npz9.21","Carangidae","Seriola","dumerili",622.29766,1,2691.94807
"2021-05_Abrolhos_stereo-BRUVs","npz9.21","Carangidae","Seriola","dumerili",643.08016,1,3148.40191
"2021-05_Abrolhos_stereo-BRUVs","npz9.21","Sparidae","Chrysophrys","auratus",360.94625,1,1258.70203
"2021-05_Abrolhos_stereo-BRUVs","npz9.21","Lethrinidae","Lethrinus","miniatus",471.70516,1,1247.73957
"2021-05_Abrolhos_stereo-BRUVs","npz9.21","Lutjanidae","Pristipomoides","multidens",537.53414,1,838.537
"2021-05_Abrolhos_stereo-BRUVs","npz9.21","Lutjanidae","Pristipomoides","multidens",564.41833,1,1081.23399
"2021-05_Abrolhos_stereo-BRUVs","npz9.21","Lutjanidae","Pristipomoides","multidens",501.94357,1,4068.44901
"2021-05_Abrolhos_stereo-BRUVs","npz9.21","Lutjanidae","Pristipomoides","multidens",566.38168,1,1308.31516
"2021-05_Abrolhos_stereo-BRUVs","npz9.21","Lutjanidae","Pristipomoides","multidens",502.63841,1,1309.12554
"2021-05_Abrolhos_stereo-BRUVs","npz9.22","Labridae","Unknown","NA",129.05533,1,2423.8404
"2021-05_Abrolhos_stereo-BRUVs","npz9.22","Lutjanidae","Pristipomoides","multidens",563.64699,1,2362.16854
"2021-05_Abrolhos_stereo-BRUVs","npz9.22","Lethrinidae","Lethrinus","miniatus",568.63479,1,1445.86645
"2021-05_Abrolhos_stereo-BRUVs","npz9.24","Labridae","Stethojulis","sp1",169.10502,1,2922.0386
"2021-05_Abrolhos_stereo-BRUVs","npz9.24","Pinguipedidae","Parapercis","nebulosa",81.36945,1,1836.14005
"2021-05_Abrolhos_stereo-BRUVs","npz9.24","Lethrinidae","Gymnocranius","grandoculis",590.91935,1,3661.34016
"2021-05_Abrolhos_stereo-BRUVs","npz9.24","Triakidae","Mustelus","spp",667.64575,1,2312.21195
"2021-05_Abrolhos_stereo-BRUVs","npz9.24","Monacanthidae","Unknown","NA",155.41835,1,4917.94985
"2021-05_Abrolhos_stereo-BRUVs","npz9.24","Triakidae","Hemitriakis","falcata",772.52825,1,4031.25012
"2021-05_Abrolhos_stereo-BRUVs","npz9.25","Tetraodontidae","Lagocephalus","sceleratus",644.11226,1,3733.39591
"2021-05_Abrolhos_stereo-BRUVs","npz9.25","Triakidae","Hemitriakis","falcata",778.53352,1,2775.59181
"2021-05_Abrolhos_stereo-BRUVs","npz9.25","Lutjanidae","Pristipomoides","multidens",538.58457,1,1870.19854
"2021-05_Abrolhos_stereo-BRUVs","npz9.25","Lutjanidae","Pristipomoides","multidens",560.72728,1,1752.72854
"2021-05_Abrolhos_stereo-BRUVs","npz9.25","Lutjanidae","Pristipomoides","multidens",708.63405,1,2458.69802
"2021-05_Abrolhos_stereo-BRUVs","npz9.25","Lutjanidae","Pristipomoides","multidens",589.49042,1,2505.62641
"2021-05_Abrolhos_stereo-BRUVs","npz9.25","Sparidae","Chrysophrys","auratus",347.14732,1,1310.1121
"2021-05_Abrolhos_stereo-BRUVs","npz9.25","Sparidae","Chrysophrys","auratus",468.37636,1,1733.6033
"2021-05_Abrolhos_stereo-BRUVs","npz9.25","Sparidae","Chrysophrys","auratus",370.78897,1,1313.93294
"2021-05_Abrolhos_stereo-BRUVs","npz9.25","Sparidae","Chrysophrys","auratus",429.99554,1,1512.68439
"2021-05_Abrolhos_stereo-BRUVs","npz9.25","Sparidae","Chrysophrys","auratus",413.6928,1,1593.41899
"2021-05_Abrolhos_stereo-BRUVs","npz9.26","Pinguipedidae","Parapercis","nebulosa",43.93856,1,1166.82531
"2021-05_Abrolhos_stereo-BRUVs","npz9.26","Carangidae","Decapterus","spp",305.84303,1,2541.96788
"2021-05_Abrolhos_stereo-BRUVs","npz9.26","Sparidae","Chrysophrys","auratus",568.52267,1,2612.18431
"2021-05_Abrolhos_stereo-BRUVs","npz9.26","Sparidae","Chrysophrys","auratus",503.89283,1,1180.80123
"2021-05_Abrolhos_stereo-BRUVs","npz9.26","Sparidae","Chrysophrys","auratus",396.97838,1,1742.61625
"2021-05_Abrolhos_stereo-BRUVs","npz9.26","Lethrinidae","Lethrinus","miniatus",511.28439,1,1212.46985
"2021-05_Abrolhos_stereo-BRUVs","npz9.26","Lethrinidae","Lethrinus","miniatus",503.55102,1,1547.41193
"2021-05_Abrolhos_stereo-BRUVs","npz9.26","Lethrinidae","Lethrinus","miniatus",516.07465,1,1228.94529
"2021-05_Abrolhos_stereo-BRUVs","npz9.26","Lethrinidae","Lethrinus","miniatus",514.32389,1,1315.88649
"2021-05_Abrolhos_stereo-BRUVs","npz9.26","Lethrinidae","Lethrinus","miniatus",412.26127,1,1509.33792
"2021-05_Abrolhos_stereo-BRUVs","npz9.26","Lethrinidae","Lethrinus","miniatus",434.10607,1,1295.35764
"2021-05_Abrolhos_stereo-BRUVs","npz9.26","Lethrinidae","Lethrinus","miniatus",466.52542,1,1314.08051
"2021-05_Abrolhos_stereo-BRUVs","npz9.26","Lethrinidae","Lethrinus","miniatus",437.18763,1,1396.17105
"2021-05_Abrolhos_stereo-BRUVs","npz9.26","Haemulidae","Diagramma","pictum labiosum",498.73663,1,902.26881
"2021-05_Abrolhos_stereo-BRUVs","npz9.26","Haemulidae","Diagramma","pictum labiosum",523.92904,1,1879.75958
"2021-05_Abrolhos_stereo-BRUVs","npz9.27","Serranidae","Epinephelus","areolatus",430.05143,1,1396.42907
"2021-05_Abrolhos_stereo-BRUVs","npz9.27","Serranidae","Epinephelus","areolatus",333.86176,1,1537.18289
"2021-05_Abrolhos_stereo-BRUVs","npz9.27","Lutjanidae","Pristipomoides","typus",460.39337,1,1748.21888
"2021-05_Abrolhos_stereo-BRUVs","npz9.27","Lutjanidae","Pristipomoides","multidens",526.04942,1,2382.14112
"2021-05_Abrolhos_stereo-BRUVs","npz9.27","Lutjanidae","Pristipomoides","multidens",511.44689,1,2314.8617
"2021-05_Abrolhos_stereo-BRUVs","npz9.27","Lutjanidae","Pristipomoides","typus",608.86143,1,3279.59791
"2021-05_Abrolhos_stereo-BRUVs","npz9.27","Lethrinidae","Lethrinus","miniatus",573.22808,1,1490.7609
"2021-05_Abrolhos_stereo-BRUVs","npz9.27","Lutjanidae","Pristipomoides","typus",554.6113,1,2010.75953
"2021-05_Abrolhos_stereo-BRUVs","npz9.27","Lutjanidae","Pristipomoides","typus",444.91732,1,1106.34095
"2021-05_Abrolhos_stereo-BRUVs","npz9.27","Lutjanidae","Pristipomoides","multidens",493.02364,1,2365.2463
"2021-05_Abrolhos_stereo-BRUVs","npz9.27","Lutjanidae","Pristipomoides","multidens",538.02816,1,929.06239
"2021-05_Abrolhos_stereo-BRUVs","npz9.27","Lutjanidae","Pristipomoides","multidens",530.22762,1,2601.09658
"2021-05_Abrolhos_stereo-BRUVs","npz9.27","Lethrinidae","Lethrinus","miniatus",438.77265,1,1544.08969
"2021-05_Abrolhos_stereo-BRUVs","npz9.27","Labridae","Bodianus","solatus",428.37843,1,2528.20813
"2021-05_Abrolhos_stereo-BRUVs","npz9.27","Sparidae","Chrysophrys","auratus",305.31663,1,2011.2532
"2021-05_Abrolhos_stereo-BRUVs","npz9.27","Sparidae","Chrysophrys","auratus",269.29831,1,2004.13663
"2021-05_Abrolhos_stereo-BRUVs","npz9.27","Sparidae","Chrysophrys","auratus",295.0264,1,2315.95991
"2021-05_Abrolhos_stereo-BRUVs","npz9.27","Monacanthidae","Eubalichthys","caeruleoguttatus",378.89815,1,2918.18245
"2021-05_Abrolhos_stereo-BRUVs","npz9.27","Sparidae","Chrysophrys","auratus",296.1828,1,1586.97174
"2021-05_Abrolhos_stereo-BRUVs","npz9.27","Sparidae","Chrysophrys","auratus",283.86419,1,977.00637
"2021-05_Abrolhos_stereo-BRUVs","npz9.27","Sparidae","Chrysophrys","auratus",281.04183,1,1802.68443
"2021-05_Abrolhos_stereo-BRUVs","npz9.27","Sparidae","Chrysophrys","auratus",274.35144,1,1717.61821
"2021-05_Abrolhos_stereo-BRUVs","npz9.27","Sparidae","Chrysophrys","auratus",322.53935,1,1575.59223
"2021-05_Abrolhos_stereo-BRUVs","npz9.27","Sparidae","Chrysophrys","auratus",293.48033,1,1628.66675
"2021-05_Abrolhos_stereo-BRUVs","npz9.28","Unknown","Unknown","Unknown",70.06337,1,1278.16969
"2021-05_Abrolhos_stereo-BRUVs","npz9.28","Lutjanidae","Pristipomoides","multidens",491.81277,1,1236.72091
"2021-05_Abrolhos_stereo-BRUVs","npz9.28","Sparidae","Chrysophrys","auratus",347.86375,1,1671.90948
"2021-05_Abrolhos_stereo-BRUVs","npz9.28","Sparidae","Chrysophrys","auratus",385.68664,1,1345.66427
"2021-05_Abrolhos_stereo-BRUVs","npz9.29","Carangidae","Decapterus","spp",324.50194,1,2312.73468
"2021-05_Abrolhos_stereo-BRUVs","npz9.29","Carangidae","Pseudocaranx","spp",372.50788,1,2626.85969
"2021-05_Abrolhos_stereo-BRUVs","npz9.29","Sparidae","Chrysophrys","auratus",339.88819,1,1124.1684
"2021-05_Abrolhos_stereo-BRUVs","npz9.29","Sparidae","Chrysophrys","auratus",406.16092,1,1268.33247
"2021-05_Abrolhos_stereo-BRUVs","npz9.29","Sparidae","Chrysophrys","auratus",418.73131,1,1276.57399
"2021-05_Abrolhos_stereo-BRUVs","npz9.29","Sparidae","Chrysophrys","auratus",365.24274,1,1149.42977
"2021-05_Abrolhos_stereo-BRUVs","npz9.29","Sparidae","Chrysophrys","auratus",374.55346,1,1183.07974
"2021-05_Abrolhos_stereo-BRUVs","npz9.29","Sparidae","Chrysophrys","auratus",383.8436,1,1361.25123
"2021-05_Abrolhos_stereo-BRUVs","npz9.29","Sparidae","Chrysophrys","auratus",363.52244,1,1010.29093
"2021-05_Abrolhos_stereo-BRUVs","npz9.29","Sparidae","Chrysophrys","auratus",385.48791,1,1686.8161
"2021-05_Abrolhos_stereo-BRUVs","npz9.29","Sparidae","Chrysophrys","auratus",435.0544,1,1478.66233
"2021-05_Abrolhos_stereo-BRUVs","npz9.29","Sparidae","Chrysophrys","auratus",355.42248,1,1026.49508
"2021-05_Abrolhos_stereo-BRUVs","npz9.29","Sparidae","Chrysophrys","auratus",437.74786,1,1058.49127
"2021-05_Abrolhos_stereo-BRUVs","npz9.29","Sparidae","Chrysophrys","auratus",413.45342,1,1040.77487
"2021-05_Abrolhos_stereo-BRUVs","npz9.29","Sparidae","Chrysophrys","auratus",328.73837,1,1383.86628
"2021-05_Abrolhos_stereo-BRUVs","npz9.29","Sparidae","Chrysophrys","auratus",386.794,1,1557.76088
"2021-05_Abrolhos_stereo-BRUVs","npz9.29","Lethrinidae","Lethrinus","nebulosus",503.57019,1,1604.72394
"2021-05_Abrolhos_stereo-BRUVs","npz9.3","Lethrinidae","Gymnocranius","grandoculis",546.60912,1,1175.42898
"2021-05_Abrolhos_stereo-BRUVs","npz9.3","Tetraodontidae","Lagocephalus","sceleratus",595.73064,1,2021.19964
"2021-05_Abrolhos_stereo-BRUVs","npz9.3","Gerreidae","Unknown","spp",53.8923,1,1045.02745
"2021-05_Abrolhos_stereo-BRUVs","npz9.3","Labridae","Coris","auricularis",59.69994,1,662.52702
"2021-05_Abrolhos_stereo-BRUVs","npz9.3","Labridae","Coris","auricularis",58.83493,1,632.50289
"2021-05_Abrolhos_stereo-BRUVs","npz9.3","Lethrinidae","Lethrinus","miniatus",483.4045,1,1242.92286
"2021-05_Abrolhos_stereo-BRUVs","npz9.30","Pinguipedidae","Parapercis","nebulosa",82.88166,1,1947.32589
"2021-05_Abrolhos_stereo-BRUVs","npz9.30","Glaucosomatidae","Glaucosoma","buergeri",573.7118,1,2705.16062
"2021-05_Abrolhos_stereo-BRUVs","npz9.30","Glaucosomatidae","Glaucosoma","buergeri",398.85605,1,2216.30363
"2021-05_Abrolhos_stereo-BRUVs","npz9.30","Lethrinidae","Lethrinus","nebulosus",495.09095,1,1441.63749
"2021-05_Abrolhos_stereo-BRUVs","npz9.30","Lethrinidae","Lethrinus","miniatus",423.19472,1,1206.2625
"2021-05_Abrolhos_stereo-BRUVs","npz9.30","Lethrinidae","Lethrinus","miniatus",472.67156,1,1301.0163
"2021-05_Abrolhos_stereo-BRUVs","npz9.30","Lethrinidae","Lethrinus","miniatus",518.30192,1,1163.98109
"2021-05_Abrolhos_stereo-BRUVs","npz9.5","Labridae","Bodianus","solatus",295.57226,1,1785.75022
"2021-05_Abrolhos_stereo-BRUVs","npz9.5","Labridae","Bodianus","bilunulatus",316.69649,1,2422.49046
"2021-05_Abrolhos_stereo-BRUVs","npz9.5","Labridae","Coris","auricularis",254.40262,1,1169.03283
"2021-05_Abrolhos_stereo-BRUVs","npz9.5","Labridae","Coris","auricularis",246.54248,1,1099.29669
"2021-05_Abrolhos_stereo-BRUVs","npz9.5","Apogonidae","Ostorhinchus","spp",71.28796,1,892.01575
"2021-05_Abrolhos_stereo-BRUVs","npz9.5","Lethrinidae","Lethrinus","miniatus",532.87791,1,1318.87555
"2021-05_Abrolhos_stereo-BRUVs","npz9.5","Lethrinidae","Lethrinus","miniatus",437.44635,1,729.33297
"2021-05_Abrolhos_stereo-BRUVs","npz9.5","Lethrinidae","Lethrinus","nebulosus",508.67056,1,906.53626
"2021-05_Abrolhos_stereo-BRUVs","npz9.5","Sparidae","Chrysophrys","auratus",357.48491,1,790.35139
"2021-05_Abrolhos_stereo-BRUVs","npz9.5","Scaridae","Scarus","sp3",378.60908,1,2048.95444
"2021-05_Abrolhos_stereo-BRUVs","npz9.7","Tetraodontidae","Unknown","sp1",219.52253,1,3058.17297
"2021-05_Abrolhos_stereo-BRUVs","npz9.7","Tetraodontidae","Unknown","sp1",234.81827,1,3378.73118
"2021-05_Abrolhos_stereo-BRUVs","npz9.7","Tetraodontidae","Lagocephalus","sceleratus",631.9461,1,3633.40584
"2021-05_Abrolhos_stereo-BRUVs","npz9.7","Sparidae","Chrysophrys","auratus",366.03562,1,1311.10836
"2021-05_Abrolhos_stereo-BRUVs","npz9.7","Sparidae","Chrysophrys","auratus",360.45343,1,1234.27426
"2021-05_Abrolhos_stereo-BRUVs","npz9.7","Sparidae","Chrysophrys","auratus",366.71968,1,996.88945
"2021-05_Abrolhos_stereo-BRUVs","npz9.7","Sparidae","Chrysophrys","auratus",348.54319,1,2440.05739
"2021-05_Abrolhos_stereo-BRUVs","npz9.7","Sparidae","Chrysophrys","auratus",376.72939,1,910.22398
"2021-05_Abrolhos_stereo-BRUVs","npz9.7","Sparidae","Chrysophrys","auratus",375.82891,1,1711.76332
"2021-05_Abrolhos_stereo-BRUVs","npz9.7","Sparidae","Chrysophrys","auratus",414.20413,1,1368.6221
"2021-05_Abrolhos_stereo-BRUVs","npz9.7","Sparidae","Chrysophrys","auratus",400.84141,1,1220.06564
"2021-05_Abrolhos_stereo-BRUVs","npz9.7","Sparidae","Chrysophrys","auratus",404.91857,1,1626.94927
"2021-05_Abrolhos_stereo-BRUVs","npz9.7","Carcharhinidae","Carcharhinus","albimarginatus",471.76399,1,936.90086
"2021-05_Abrolhos_stereo-BRUVs","npz9.8","Glaucosomatidae","Glaucosoma","buergeri",621.08015,1,3579.60542
"2021-05_Abrolhos_stereo-BRUVs","npz9.8","Labridae","Bodianus","solatus",329.27494,1,3303.17027
"2021-05_Abrolhos_stereo-BRUVs","npz9.8","Carangidae","Pseudocaranx","spp",315.774,1,3619.81735
"2021-05_Abrolhos_stereo-BRUVs","npz9.8","Carangidae","Pseudocaranx","spp",409.87061,1,2044.02249
"2021-05_Abrolhos_stereo-BRUVs","npz9.8","Carangidae","Pseudocaranx","spp",368.04779,1,2753.006
"2021-05_Abrolhos_stereo-BRUVs","npz9.8","Carangidae","Pseudocaranx","spp",340.26176,1,1430.07665
"2021-05_Abrolhos_stereo-BRUVs","npz9.8","Carangidae","Pseudocaranx","spp",298.05426,1,2761.75437
"2021-05_Abrolhos_stereo-BRUVs","npz9.8","Carangidae","Pseudocaranx","spp",356.62543,1,2705.96982
"2021-05_Abrolhos_stereo-BRUVs","npz9.8","Carangidae","Pseudocaranx","spp",363.13548,1,2798.94385
"2021-05_Abrolhos_stereo-BRUVs","npz9.8","Carangidae","Pseudocaranx","spp",447.7102,1,4482.68096
"2021-05_Abrolhos_stereo-BRUVs","npz9.8","Carangidae","Pseudocaranx","spp",309.30874,1,2931.08305
"2021-05_Abrolhos_stereo-BRUVs","npz9.8","Sparidae","Chrysophrys","auratus",305.20173,1,2213.69573
"2021-05_Abrolhos_stereo-BRUVs","npz9.8","Sparidae","Chrysophrys","auratus",303.94282,1,1382.48732
"2021-05_Abrolhos_stereo-BRUVs","npz9.8","Sparidae","Chrysophrys","auratus",295.52339,1,1544.97523
"2021-05_Abrolhos_stereo-BRUVs","npz9.8","Sparidae","Chrysophrys","auratus",316.91063,1,895.04534
"2021-05_Abrolhos_stereo-BRUVs","npz9.8","Sparidae","Chrysophrys","auratus",575.63477,1,1434.01992
"2021-05_Abrolhos_stereo-BRUVs","npz9.8","Lethrinidae","Lethrinus","miniatus",478.61005,1,2135.06502
"2021-05_Abrolhos_stereo-BRUVs","npz9.8","Lethrinidae","Lethrinus","miniatus",576.20708,1,1461.79853
"2021-05_Abrolhos_stereo-BRUVs","npz9.8","Carangidae","Seriola","dumerili",702.08414,1,4292.37355
"2021-05_Abrolhos_stereo-BRUVs","npz9.8","Carangidae","Seriola","dumerili",666.0459,1,4003.44775
"2021-05_Abrolhos_stereo-BRUVs","npz9.8","Carangidae","Seriola","dumerili",644.73526,1,4443.54456
"2021-05_Abrolhos_stereo-BRUVs","npz9.8","Carangidae","Seriola","dumerili",838.52536,1,5032.04393
"2021-05_Abrolhos_stereo-BRUVs","npz9.8","Carcharhinidae","Carcharhinus","plumbeus",1278.84131,1,6349.11882
"2021-05_Abrolhos_stereo-BRUVs","npz9.8","Lethrinidae","Gymnocranius","grandoculis",557.94387,1,4449.71272
"2021-05_Abrolhos_stereo-BRUVs","npz9.9","Lethrinidae","Lethrinus","miniatus",479.61251,1,1413.45833
"2021-05_Abrolhos_stereo-BRUVs","npz9.9","Nemipteridae","Pentapodus","nagasakiensis",137.40383,1,2117.41345
"2021-05_Abrolhos_stereo-BRUVs","npz9.9","Labridae","Stethojulis","spp",141.08127,1,1960.94096
"2021-05_Abrolhos_stereo-BRUVs","npz9.9","Labridae","Stethojulis","spp",99.00449,1,1769.65729
"2021-05_Abrolhos_stereo-BRUVs","npz9.9","Carangidae","Seriola","hippos",565.73293,1,2974.73177
"2021-05_Abrolhos_stereo-BRUVs","npz9.9","Carangidae","Seriola","dumerili",1237.72368,1,2358.86718
"2021-05_Abrolhos_stereo-BRUVs","npz9.9","Rachycentridae","Rachycentron","canadum",964.57127,1,6879.42058
"2021-05_Abrolhos_stereo-BRUVs","npz6.13","Tetraodontidae","Lagocephalus","sceleratus",NA,1,1077.99072
"2021-05_Abrolhos_stereo-BRUVs","npz6.13","Apogonidae","Ostorhinchus","spp",NA,1,1842.76963
"2021-05_Abrolhos_stereo-BRUVs","npz6.14","Serranidae","Epinephelus","rivulatus",NA,1,1986.51642
"2021-05_Abrolhos_stereo-BRUVs","npz6.17","Labridae","Unknown","sp",NA,1,1634.20629
"2021-05_Abrolhos_stereo-BRUVs","npz6.17","Apogonidae","Ostorhinchus","spp",NA,1,1364.44443
"2021-05_Abrolhos_stereo-BRUVs","npz6.17","Apogonidae","Ostorhinchus","spp",NA,1,1719.79097
"2021-05_Abrolhos_stereo-BRUVs","npz6.17","Labridae","Bodianus","solatus",NA,1,7599.38726
"2021-05_Abrolhos_stereo-BRUVs","npz6.17","Dasyatidae","Taeniurops","meyeni",NA,1,1564.14429
"2021-05_Abrolhos_stereo-BRUVs","npz6.17","Nemipteridae","Pentapodus","nagasakiensis",NA,1,1683.74005
"2021-05_Abrolhos_stereo-BRUVs","npz6.20","Carangidae","Carangoides","spp",NA,1,3714.88393
"2021-05_Abrolhos_stereo-BRUVs","npz6.20","Carangidae","Carangoides","spp",NA,1,3799.22358
"2021-05_Abrolhos_stereo-BRUVs","npz6.20","Carangidae","Carangoides","spp",NA,1,2901.18591
"2021-05_Abrolhos_stereo-BRUVs","npz6.20","Carangidae","Carangoides","spp",NA,1,2949.34082
"2021-05_Abrolhos_stereo-BRUVs","npz6.20","Carangidae","Carangoides","spp",NA,1,2968.20519
"2021-05_Abrolhos_stereo-BRUVs","npz6.20","Nemipteridae","Pentapodus","nagasakiensis",NA,1,1362.72146
"2021-05_Abrolhos_stereo-BRUVs","npz6.20","Labridae","Choerodon","rubescens",NA,1,1073.48744
"2021-05_Abrolhos_stereo-BRUVs","npz6.20","Labridae","Choerodon","rubescens",NA,1,2784.72564
"2021-05_Abrolhos_stereo-BRUVs","npz6.20","Labridae","Coris","auricularis",NA,1,1160.59913
"2021-05_Abrolhos_stereo-BRUVs","npz6.20","Labridae","Coris","auricularis",NA,1,1786.06357
"2021-05_Abrolhos_stereo-BRUVs","npz6.21","Labridae","Suezichthys","cyanolaemus",NA,1,1820.22618
"2021-05_Abrolhos_stereo-BRUVs","npz6.21","Labridae","Suezichthys","cyanolaemus",NA,1,1534.7172
"2021-05_Abrolhos_stereo-BRUVs","npz6.21","Pomacentridae","Chromis","spp",NA,1,1623.8418
"2021-05_Abrolhos_stereo-BRUVs","npz6.21","Pomacentridae","Chromis","spp",NA,1,1810.81939
"2021-05_Abrolhos_stereo-BRUVs","npz6.21","Sparidae","Chrysophrys","auratus",NA,1,1524.94507
"2021-05_Abrolhos_stereo-BRUVs","npz6.22","Labridae","Choerodon","rubescens",NA,1,1939.74535
"2021-05_Abrolhos_stereo-BRUVs","npz6.22","Haemulidae","Diagramma","pictum labiosum",NA,3,452.52955
"2021-05_Abrolhos_stereo-BRUVs","npz6.22","Carangidae","Seriola","hippos",NA,1,2809.67636
"2021-05_Abrolhos_stereo-BRUVs","npz6.22","Lethrinidae","Lethrinus","miniatus",NA,3,1466.00572
"2021-05_Abrolhos_stereo-BRUVs","npz6.24","Pomacentridae","Chromis","spp",NA,30,2750.5868
"2021-05_Abrolhos_stereo-BRUVs","npz6.24","Labridae","Coris","auricularis",NA,35,1791.34901
"2021-05_Abrolhos_stereo-BRUVs","npz6.26","Labridae","Choerodon","rubescens",NA,1,3689.82964
"2021-05_Abrolhos_stereo-BRUVs","npz6.26","Lethrinidae","Lethrinus","miniatus",NA,1,6974.54365
"2021-05_Abrolhos_stereo-BRUVs","npz6.26","Carangidae","Unknown","spp",NA,1,7570.74363
"2021-05_Abrolhos_stereo-BRUVs","npz6.27","Haemulidae","Diagramma","pictum labiosum",NA,1,1361.58318
"2021-05_Abrolhos_stereo-BRUVs","npz6.27","Lethrinidae","Lethrinus","nebulosus",NA,1,1658.47086
"2021-05_Abrolhos_stereo-BRUVs","npz6.27","Lethrinidae","Lethrinus","nebulosus",NA,1,2512.46094
"2021-05_Abrolhos_stereo-BRUVs","npz6.36","Lethrinidae","Lethrinus","nebulosus",NA,1,898.43664
"2021-05_Abrolhos_stereo-BRUVs","npz6.36","Labridae","Choerodon","rubescens",NA,1,3138.74829
"2021-05_Abrolhos_stereo-BRUVs","npz6.36","Sparidae","Chrysophrys","auratus",NA,1,1733.67286
"2021-05_Abrolhos_stereo-BRUVs","npz6.36","Sparidae","Chrysophrys","auratus",NA,1,1231.08632
"2021-05_Abrolhos_stereo-BRUVs","npz6.36","Sparidae","Chrysophrys","auratus",NA,1,980.08419
"2021-05_Abrolhos_stereo-BRUVs","npz6.4","Nemipteridae","Pentapodus","nagasakiensis",NA,1,2042.28819
"2021-05_Abrolhos_stereo-BRUVs","npz6.4","Nemipteridae","Pentapodus","nagasakiensis",NA,1,2297.74191
"2021-05_Abrolhos_stereo-BRUVs","npz6.4","Labridae","Choerodon","rubescens",NA,1,1976.91567
"2021-05_Abrolhos_stereo-BRUVs","npz6.4","Labridae","Choerodon","rubescens",NA,1,2605.2581
"2021-05_Abrolhos_stereo-BRUVs","npz6.4","Labridae","Choerodon","rubescens",NA,1,1964.22892
"2021-05_Abrolhos_stereo-BRUVs","npz6.4","Sparidae","Chrysophrys","auratus",NA,1,1384.0793
"2021-05_Abrolhos_stereo-BRUVs","npz6.4","Sparidae","Chrysophrys","auratus",NA,1,1256.4108
"2021-05_Abrolhos_stereo-BRUVs","npz6.4","Sparidae","Chrysophrys","auratus",NA,1,1712.83588
"2021-05_Abrolhos_stereo-BRUVs","npz6.4","Scombridae","Scomberomorus","spp",NA,1,6334.31853
"2021-05_Abrolhos_stereo-BRUVs","npz6.4","Scombridae","Scomberomorus","spp",NA,1,5668.08148
"2021-05_Abrolhos_stereo-BRUVs","npz6.4","Scombridae","Scomberomorus","spp",NA,1,2334.81605
"2021-05_Abrolhos_stereo-BRUVs","npz6.4","Scombridae","Scomberomorus","spp",NA,1,5930.01632
"2021-05_Abrolhos_stereo-BRUVs","npz6.4","Scombridae","Scomberomorus","spp",NA,1,7080.51934
"2021-05_Abrolhos_stereo-BRUVs","npz6.4","Scombridae","Scomberomorus","spp",NA,1,7571.21625
"2021-05_Abrolhos_stereo-BRUVs","npz6.5","Carangidae","Seriola","hippos",NA,1,6645.55418
"2021-05_Abrolhos_stereo-BRUVs","npz6.6","Labridae","Choerodon","rubescens",NA,1,4835.31693
"2021-05_Abrolhos_stereo-BRUVs","npz6.9","Sparidae","Chrysophrys","auratus",NA,1,1735.61135
"2021-05_Abrolhos_stereo-BRUVs","npz6.9","Labridae","Bodianus","spp",NA,1,2165.33076
"2021-05_Abrolhos_stereo-BRUVs","npz6.9","Sparidae","Chrysophrys","auratus",NA,1,1348.71156
"2021-05_Abrolhos_stereo-BRUVs","npz6.9","Sparidae","Chrysophrys","auratus",NA,1,1453.18743
"2021-05_Abrolhos_stereo-BRUVs","npz6.9","Sparidae","Chrysophrys","auratus",NA,1,1388.82173
"2021-05_Abrolhos_stereo-BRUVs","npz6.9","Sparidae","Chrysophrys","auratus",NA,1,1892.45559
"2021-05_Abrolhos_stereo-BRUVs","npz6.9","Sparidae","Chrysophrys","auratus",NA,1,1620.1042
"2021-05_Abrolhos_stereo-BRUVs","npz6.9","Sparidae","Chrysophrys","auratus",NA,1,1421.46153
"2021-05_Abrolhos_stereo-BRUVs","npz6.9","Lethrinidae","Lethrinus","miniatus",NA,1,1881.77597
"2021-05_Abrolhos_stereo-BRUVs","npz6.9","Carangidae","Seriola","dumerili",NA,1,4057.73176
"2021-05_Abrolhos_stereo-BRUVs","npz6.C01","Tetraodontidae","Lagocephalus","sceleratus",NA,1,6316.8287
"2021-05_Abrolhos_stereo-BRUVs","npz6.C01","Tetraodontidae","Lagocephalus","sceleratus",NA,1,5733.18077
"2021-05_Abrolhos_stereo-BRUVs","npz6.C02","Tetraodontidae","Lagocephalus","sceleratus",NA,1,789.95207
"2021-05_Abrolhos_stereo-BRUVs","npz9.1","Lutjanidae","Pristipomoides","multidens",NA,1,3098.98301
"2021-05_Abrolhos_stereo-BRUVs","npz9.1","Lutjanidae","Pristipomoides","typus",NA,1,3658.86306
"2021-05_Abrolhos_stereo-BRUVs","npz9.1","Muraenidae","Gymnothorax","woodwardi",NA,1,2513.59837
"2021-05_Abrolhos_stereo-BRUVs","npz9.10","Pinguipedidae","Parapercis","nebulosa",NA,1,1191.35308
"2021-05_Abrolhos_stereo-BRUVs","npz9.10","Carangidae","Decapterus","spp",NA,1,3754.65881
"2021-05_Abrolhos_stereo-BRUVs","npz9.10","Carangidae","Decapterus","spp",NA,1,4256.41787
"2021-05_Abrolhos_stereo-BRUVs","npz9.10","Carangidae","Seriola","dumerili",NA,1,1896.96926
"2021-05_Abrolhos_stereo-BRUVs","npz9.13","Pinguipedidae","Parapercis","nebulosa",NA,1,2046.41472
"2021-05_Abrolhos_stereo-BRUVs","npz9.13","Pinguipedidae","Parapercis","nebulosa",NA,1,1932.14781
"2021-05_Abrolhos_stereo-BRUVs","npz9.13","Muraenidae","Gymnothorax","woodwardi",NA,1,1158.80254
"2021-05_Abrolhos_stereo-BRUVs","npz9.13","Muraenidae","Gymnothorax","woodwardi",NA,1,1001.4842
"2021-05_Abrolhos_stereo-BRUVs","npz9.13","Carangidae","Seriola","hippos",NA,1,6002.47078
"2021-05_Abrolhos_stereo-BRUVs","npz9.16","Pinguipedidae","Parapercis","nebulosa",NA,1,2321.04401
"2021-05_Abrolhos_stereo-BRUVs","npz9.16","Labridae","Stethojulis","spp",NA,1,3499.16946
"2021-05_Abrolhos_stereo-BRUVs","npz9.16","Lethrinidae","Gymnocranius","spp",NA,1,5812.22135
"2021-05_Abrolhos_stereo-BRUVs","npz9.17","Muraenidae","Gymnothorax","woodwardi",NA,1,1620.31997
"2021-05_Abrolhos_stereo-BRUVs","npz9.21","Carangidae","Seriola","dumerili",NA,1,3612.79892
"2021-05_Abrolhos_stereo-BRUVs","npz9.21","Muraenidae","Gymnothorax","woodwardi",NA,1,1862.09953
"2021-05_Abrolhos_stereo-BRUVs","npz9.21","Lutjanidae","Pristipomoides","multidens",NA,1,959.54619
"2021-05_Abrolhos_stereo-BRUVs","npz9.22","Carcharhinidae","Galeocerdo","cuvier",NA,1,6745.03321
"2021-05_Abrolhos_stereo-BRUVs","npz9.22","Carangidae","Unknown","sp10",NA,1,5661.08834
"2021-05_Abrolhos_stereo-BRUVs","npz9.22","Labridae","Unknown","NA",NA,1,3536.47595
"2021-05_Abrolhos_stereo-BRUVs","npz9.24","Gerreidae","Unknown","spp",NA,1,1006.14318
"2021-05_Abrolhos_stereo-BRUVs","npz9.24","Labridae","Coris","auricularis",NA,1,2280.14994
"2021-05_Abrolhos_stereo-BRUVs","npz9.25","Muraenidae","Gymnothorax","woodwardi",NA,1,1402.45957
"2021-05_Abrolhos_stereo-BRUVs","npz9.26","Triakidae","Hemitriakis","falcata",NA,1,813.36323
"2021-05_Abrolhos_stereo-BRUVs","npz9.26","Muraenidae","Gymnothorax","woodwardi",NA,1,1227.67075
"2021-05_Abrolhos_stereo-BRUVs","npz9.27","Muraenidae","Gymnothorax","woodwardi",NA,1,2510.31349
"2021-05_Abrolhos_stereo-BRUVs","npz9.27","Carangidae","Seriola","dumerili",NA,1,4071.11076
"2021-05_Abrolhos_stereo-BRUVs","npz9.27","Carangidae","Seriola","dumerili",NA,1,3885.5826
"2021-05_Abrolhos_stereo-BRUVs","npz9.27","Sparidae","Chrysophrys","auratus",NA,1,2306.45766
"2021-05_Abrolhos_stereo-BRUVs","npz9.28","Pinguipedidae","Unknown","spp",NA,1,1442.81292
"2021-05_Abrolhos_stereo-BRUVs","npz9.28","Lutjanidae","Pristipomoides","multidens",NA,1,2171.57491
"2021-05_Abrolhos_stereo-BRUVs","npz9.29","Carangidae","Pseudocaranx","spp",NA,1,3621.98195
"2021-05_Abrolhos_stereo-BRUVs","npz9.29","Sparidae","Chrysophrys","auratus",NA,1,1163.13523
"2021-05_Abrolhos_stereo-BRUVs","npz9.29","Sparidae","Chrysophrys","auratus",NA,1,2212.89144
"2021-05_Abrolhos_stereo-BRUVs","npz9.29","Sparidae","Chrysophrys","auratus",NA,1,1546.3211
"2021-05_Abrolhos_stereo-BRUVs","npz9.29","Sparidae","Chrysophrys","auratus",NA,1,1095.80346
"2021-05_Abrolhos_stereo-BRUVs","npz9.29","Sparidae","Chrysophrys","auratus",NA,1,1388.52298
"2021-05_Abrolhos_stereo-BRUVs","npz9.29","Sparidae","Chrysophrys","auratus",NA,1,1419.80172
"2021-05_Abrolhos_stereo-BRUVs","npz9.29","Sparidae","Chrysophrys","auratus",NA,1,1435.31361
"2021-05_Abrolhos_stereo-BRUVs","npz9.29","Sparidae","Chrysophrys","auratus",NA,1,1404.88753
"2021-05_Abrolhos_stereo-BRUVs","npz9.29","Sparidae","Chrysophrys","auratus",NA,1,1419.04634
"2021-05_Abrolhos_stereo-BRUVs","npz9.3","Muraenidae","Gymnothorax","woodwardi",NA,1,1280.43698
"2021-05_Abrolhos_stereo-BRUVs","npz9.3","Labridae","Coris","auricularis",NA,1,781.02311
"2021-05_Abrolhos_stereo-BRUVs","npz9.30","Carangidae","Seriola","dumerili",NA,1,2982.9574
"2021-05_Abrolhos_stereo-BRUVs","npz9.5","Labridae","Bodianus","solatus",NA,1,2487.81488
"2021-05_Abrolhos_stereo-BRUVs","npz9.5","Mullidae","Parupeneus","spilurus",NA,1,2720.94382
"2021-05_Abrolhos_stereo-BRUVs","npz9.5","Mullidae","Parupeneus","spilurus",NA,1,1612.98685
"2021-05_Abrolhos_stereo-BRUVs","npz9.5","Mullidae","Parupeneus","spilurus",NA,1,1645.66192
"2021-05_Abrolhos_stereo-BRUVs","npz9.5","Mullidae","Parupeneus","spilurus",NA,1,1740.49912
"2021-05_Abrolhos_stereo-BRUVs","npz9.5","Muraenidae","Gymnothorax","thyrsoideus",NA,1,1007.47101
"2021-05_Abrolhos_stereo-BRUVs","npz9.5","Labridae","Coris","auricularis",NA,1,1055.55455
"2021-05_Abrolhos_stereo-BRUVs","npz9.5","Muraenidae","Gymnothorax","woodwardi",NA,1,1051.20331
"2021-05_Abrolhos_stereo-BRUVs","npz9.5","Muraenidae","Gymnothorax","woodwardi",NA,1,1252.63109
"2021-05_Abrolhos_stereo-BRUVs","npz9.5","Muraenidae","Unknown","NA",NA,1,939.32045
"2021-05_Abrolhos_stereo-BRUVs","npz9.5","Mullidae","Parupeneus","chrysopleuron",NA,1,2820.72912
"2021-05_Abrolhos_stereo-BRUVs","npz9.5","Pomacentridae","Chromis","spp",NA,1,592.77431
"2021-05_Abrolhos_stereo-BRUVs","npz9.5","Pomacentridae","Chromis","spp",NA,1,1002.67792
"2021-05_Abrolhos_stereo-BRUVs","npz9.5","Pomacentridae","Chromis","spp",NA,1,1757.45043
"2021-05_Abrolhos_stereo-BRUVs","npz9.5","Pomacentridae","Chromis","spp",NA,1,596.18882
"2021-05_Abrolhos_stereo-BRUVs","npz9.5","Pomacentridae","Chromis","spp",NA,1,586.38823
"2021-05_Abrolhos_stereo-BRUVs","npz9.5","Pomacentridae","Chromis","spp",NA,1,799.66191
"2021-05_Abrolhos_stereo-BRUVs","npz9.5","Pomacentridae","Chromis","spp",NA,1,1162.62133
"2021-05_Abrolhos_stereo-BRUVs","npz9.5","Pomacentridae","Chromis","spp",NA,1,1536.85328
"2021-05_Abrolhos_stereo-BRUVs","npz9.5","Pomacentridae","Chromis","spp",NA,1,1480.24131
"2021-05_Abrolhos_stereo-BRUVs","npz9.5","Pomacentridae","Chromis","spp",NA,1,1711.27569
"2021-05_Abrolhos_stereo-BRUVs","npz9.5","Pomacentridae","Chromis","spp",NA,1,1507.355
"2021-05_Abrolhos_stereo-BRUVs","npz9.5","Pomacentridae","Chromis","spp",NA,1,1318.34182
"2021-05_Abrolhos_stereo-BRUVs","npz9.5","Pomacentridae","Chromis","spp",NA,1,1786.73248
"2021-05_Abrolhos_stereo-BRUVs","npz9.5","Pomacentridae","Chromis","spp",NA,1,698.49416
"2021-05_Abrolhos_stereo-BRUVs","npz9.5","Pomacentridae","Chromis","spp",NA,1,704.06242
"2021-05_Abrolhos_stereo-BRUVs","npz9.5","Pomacentridae","Chromis","spp",NA,1,785.2132
"2021-05_Abrolhos_stereo-BRUVs","npz9.5","Pomacentridae","Chromis","spp",NA,1,980.12675
"2021-05_Abrolhos_stereo-BRUVs","npz9.8","Carangidae","Unknown","sp10",NA,3,6895.97006
"2021-05_Abrolhos_stereo-BRUVs","npz9.9","Dasyatidae","Taeniurops","meyeni",NA,1,7112.23833
