"campaignid","sample","filename","period","periodtime","family","genus","species","comment","maxn","latitude","longitude","date","time","location","status","site","depth","observer","successful.count","successful.length"
"2021-05_Abrolhos_stereo-BRUVs","npz6.10","L027 (09).MP4","1","13.40089","Carangidae","Seriola","dumerili",NA,5,"-28.0787","113.3764","20210512","11:07","NPZ6","No-take","npz6.10","112","Molly","Yes","Yes"
"2021-05_Abrolhos_stereo-BRUVs","npz6.10","L027 (10).MP4","1","17.25474","Monacanthidae","Nelusetta","ayraud",NA,1,"-28.0787","113.3764","20210512","11:07","NPZ6","No-take","npz6.10","112","Molly","Yes","Yes"
"2021-05_Abrolhos_stereo-BRUVs","npz6.10","L027 (09).MP4","1","7.45801","Pinguipedidae","Parapercis","nebulosa",NA,1,"-28.0787","113.3764","20210512","11:07","NPZ6","No-take","npz6.10","112","Molly","Yes","Yes"
"2021-05_Abrolhos_stereo-BRUVs","npz6.10","L027 (09).MP4","1","12.94849","Sparidae","Chrysophrys","auratus",NA,4,"-28.0787","113.3764","20210512","11:07","NPZ6","No-take","npz6.10","112","Molly","Yes","Yes"
"2021-05_Abrolhos_stereo-BRUVs","npz6.10","L027 (11).MP4","1","52.71989","Tetraodontidae","Lagocephalus","sceleratus",NA,2,"-28.0787","113.3764","20210512","11:07","NPZ6","No-take","npz6.10","112","Molly","Yes","Yes"
"2021-05_Abrolhos_stereo-BRUVs","npz6.13","L039 (11).MP4","1","34.40465","Apogonidae","Ostorhinchus","spp",NA,2,"-28.0611","113.3714","20210512","11:19","NPZ6","No-take","npz6.13","109","Molly","Yes","Yes"
"2021-05_Abrolhos_stereo-BRUVs","npz6.13","L039 (11).MP4","1","38.94947","Chaetodontidae","Chaetodon","assarius",NA,1,"-28.0611","113.3714","20210512","11:19","NPZ6","No-take","npz6.13","109","Molly","Yes","Yes"
"2021-05_Abrolhos_stereo-BRUVs","npz6.13","L039 (10).MP4","1","13.51294","Cirrhitidae","Paracirrhites","forsteri",NA,1,"-28.0611","113.3714","20210512","11:19","NPZ6","No-take","npz6.13","109","Molly","Yes","Yes"
"2021-05_Abrolhos_stereo-BRUVs","npz6.13","L039 (11).MP4","1","47.19882","Sparidae","Chrysophrys","auratus",NA,4,"-28.0611","113.3714","20210512","11:19","NPZ6","No-take","npz6.13","109","Molly","Yes","Yes"
"2021-05_Abrolhos_stereo-BRUVs","npz6.13","L039 (09).MP4","1","4.66271","Tetraodontidae","Lagocephalus","sceleratus",NA,1,"-28.0611","113.3714","20210512","11:19","NPZ6","No-take","npz6.13","109","Molly","Yes","Yes"
"2021-05_Abrolhos_stereo-BRUVs","npz6.14","L029 (03).MP4","1","15.00110","Carangidae","Seriola","hippos",NA,1,"-28.0937","113.4213","20210512","08:56","NPZ6","No-take","npz6.14","42.1","Molly","Yes","Yes"
"2021-05_Abrolhos_stereo-BRUVs","npz6.14","L029 (04).MP4","1","31.39776","Labridae","Anampses","geographicus",NA,1,"-28.0937","113.4213","20210512","08:56","NPZ6","No-take","npz6.14","42.1","Molly","Yes","Yes"
"2021-05_Abrolhos_stereo-BRUVs","npz6.14","L029 (02).MP4","1","2.60260","Labridae","Austrolabrus","maculatus",NA,1,"-28.0937","113.4213","20210512","08:56","NPZ6","No-take","npz6.14","42.1","Molly","Yes","Yes"
"2021-05_Abrolhos_stereo-BRUVs","npz6.14","L029 (03).MP4","1","22.44993","Labridae","Bodianus","bilunulatus",NA,1,"-28.0937","113.4213","20210512","08:56","NPZ6","No-take","npz6.14","42.1","Molly","Yes","Yes"
"2021-05_Abrolhos_stereo-BRUVs","npz6.14","L029 (03).MP4","1","14.57345","Labridae","Choerodon","rubescens",NA,2,"-28.0937","113.4213","20210512","08:56","NPZ6","No-take","npz6.14","42.1","Molly","Yes","Yes"
"2021-05_Abrolhos_stereo-BRUVs","npz6.14","L029 (04).MP4","1","44.07876","Labridae","Coris","auricularis",NA,41,"-28.0937","113.4213","20210512","08:56","NPZ6","No-take","npz6.14","42.1","Molly","Yes","Yes"
"2021-05_Abrolhos_stereo-BRUVs","npz6.14","L029 (03).MP4","1","7.73273","Labridae","Labroides","dimidiatus",NA,3,"-28.0937","113.4213","20210512","08:56","NPZ6","No-take","npz6.14","42.1","Molly","Yes","Yes"
"2021-05_Abrolhos_stereo-BRUVs","npz6.14","L029 (03).MP4","1","5.96429","Labridae","Suezichthys","cyanolaemus",NA,1,"-28.0937","113.4213","20210512","08:56","NPZ6","No-take","npz6.14","42.1","Molly","Yes","Yes"
"2021-05_Abrolhos_stereo-BRUVs","npz6.14","L029 (03).MP4","1","8.52046","Lethrinidae","Lethrinus","miniatus",NA,5,"-28.0937","113.4213","20210512","08:56","NPZ6","No-take","npz6.14","42.1","Molly","Yes","Yes"
"2021-05_Abrolhos_stereo-BRUVs","npz6.14","L029 (03).MP4","1","22.80056","Lethrinidae","Lethrinus","nebulosus",NA,1,"-28.0937","113.4213","20210512","08:56","NPZ6","No-take","npz6.14","42.1","Molly","Yes","Yes"
"2021-05_Abrolhos_stereo-BRUVs","npz6.14","L029 (03).MP4","1","22.95821","Mullidae","Parupeneus","spilurus",NA,6,"-28.0937","113.4213","20210512","08:56","NPZ6","No-take","npz6.14","42.1","Molly","Yes","Yes"
"2021-05_Abrolhos_stereo-BRUVs","npz6.14","L029 (05).MP4","1","51.65327","Pomacentridae","Chromis","spp",NA,44,"-28.0937","113.4213","20210512","08:56","NPZ6","No-take","npz6.14","42.1","Molly","Yes","Yes"
"2021-05_Abrolhos_stereo-BRUVs","npz6.14","L029 (03).MP4","1","23.77180","Pomacentridae","Parma","mccullochi",NA,1,"-28.0937","113.4213","20210512","08:56","NPZ6","No-take","npz6.14","42.1","Molly","Yes","Yes"
"2021-05_Abrolhos_stereo-BRUVs","npz6.14","L029 (03).MP4","1","22.80056","Scaridae","Scarus","sp3",NA,3,"-28.0937","113.4213","20210512","08:56","NPZ6","No-take","npz6.14","42.1","Molly","Yes","Yes"
"2021-05_Abrolhos_stereo-BRUVs","npz6.14","L029 (03).MP4","1","7.51529","Scaridae","Scarus","spp",NA,1,"-28.0937","113.4213","20210512","08:56","NPZ6","No-take","npz6.14","42.1","Molly","Yes","Yes"
"2021-05_Abrolhos_stereo-BRUVs","npz6.14","L029 (03).MP4","1","24.18138","Serranidae","Epinephelus","rivulatus",NA,1,"-28.0937","113.4213","20210512","08:56","NPZ6","No-take","npz6.14","42.1","Molly","Yes","Yes"
"2021-05_Abrolhos_stereo-BRUVs","npz6.14","L029 (03).MP4","1","22.80056","Trygonorrhinidae","Aptychotrema","vincentiana",NA,1,"-28.0937","113.4213","20210512","08:56","NPZ6","No-take","npz6.14","42.1","Molly","Yes","Yes"
"2021-05_Abrolhos_stereo-BRUVs","npz6.15","L043 (11).MP4","1","31.15029","Triakidae","Mustelus","ravidus",NA,1,"-28.0588","113.3488","20210512","11:41","NPZ6","No-take","npz6.15","145","Molly","Yes","Yes"
"2021-05_Abrolhos_stereo-BRUVs","npz6.17","L031 (09).MP4","1","35.10312","Apogonidae","Ostorhinchus","spp",NA,3,"-28.0837","113.3839","20210512","11:03","NPZ6","No-take","npz6.18","94","Molly","Yes","Yes"
"2021-05_Abrolhos_stereo-BRUVs","npz6.17","L031 (09).MP4","1","23.53073","Carangidae","Seriola","hippos",NA,1,"-28.0837","113.3839","20210512","11:03","NPZ6","No-take","npz6.18","94","Molly","Yes","Yes"
"2021-05_Abrolhos_stereo-BRUVs","npz6.17","L031 (10).MP4","1","58.19814","Chaetodontidae","Chaetodon","assarius",NA,3,"-28.0837","113.3839","20210512","11:03","NPZ6","No-take","npz6.18","94","Molly","Yes","Yes"
"2021-05_Abrolhos_stereo-BRUVs","npz6.17","L031 (09).MP4","1","19.16053","Cirrhitidae","Paracirrhites","forsteri",NA,1,"-28.0837","113.3839","20210512","11:03","NPZ6","No-take","npz6.18","94","Molly","Yes","Yes"
"2021-05_Abrolhos_stereo-BRUVs","npz6.17","L031 (10).MP4","1","49.68102","Dasyatidae","Taeniurops","meyeni",NA,1,"-28.0837","113.3839","20210512","11:03","NPZ6","No-take","npz6.18","94","Molly","Yes","Yes"
"2021-05_Abrolhos_stereo-BRUVs","npz6.17","L031 (10).MP4","1","45.36004","Labridae","Bodianus","solatus",NA,2,"-28.0837","113.3839","20210512","11:03","NPZ6","No-take","npz6.18","94","Molly","Yes","Yes"
"2021-05_Abrolhos_stereo-BRUVs","npz6.17","L031 (10).MP4","1","45.94145","Labridae","Bodianus","vulpinus",NA,1,"-28.0837","113.3839","20210512","11:03","NPZ6","No-take","npz6.18","94","Molly","Yes","Yes"
"2021-05_Abrolhos_stereo-BRUVs","npz6.17","L031 (10).MP4","1","47.38345","Labridae","Coris","auricularis",NA,2,"-28.0837","113.3839","20210512","11:03","NPZ6","No-take","npz6.18","94","Molly","Yes","Yes"
"2021-05_Abrolhos_stereo-BRUVs","npz6.17","L031 (10).MP4","1","57.58697","Labridae","Stethojulis","spp",NA,3,"-28.0837","113.3839","20210512","11:03","NPZ6","No-take","npz6.18","94","Molly","Yes","Yes"
"2021-05_Abrolhos_stereo-BRUVs","npz6.17","L031 (08).MP4","1","0.98877","Labridae",NA,"spp",NA,1,"-28.0837","113.3839","20210512","11:03","NPZ6","No-take","npz6.18","94","Molly","Yes","Yes"
"2021-05_Abrolhos_stereo-BRUVs","npz6.17","L031 (08).MP4","1","6.00517","Monacanthidae","Nelusetta","ayraud",NA,1,"-28.0837","113.3839","20210512","11:03","NPZ6","No-take","npz6.18","94","Molly","Yes","Yes"
"2021-05_Abrolhos_stereo-BRUVs","npz6.17","L031 (08).MP4","1","13.63640","Sparidae","Chrysophrys","auratus",NA,3,"-28.0837","113.3839","20210512","11:03","NPZ6","No-take","npz6.18","94","Molly","Yes","Yes"
"2021-05_Abrolhos_stereo-BRUVs","npz6.18","L035 (04).MP4","1","17.55059","Haemulidae","Diagramma","pictum",NA,9,"-28.0962","113.4438","20210512","08:48","NPZ6","No-take","npz6.19","42.7","Molly","Yes","Yes"
"2021-05_Abrolhos_stereo-BRUVs","npz6.18","L035 (04).MP4","1","11.00043","Tetraodontidae",NA,"spp",NA,1,"-28.0962","113.4438","20210512","08:48","NPZ6","No-take","npz6.19","42.7","Molly","Yes","Yes"
"2021-05_Abrolhos_stereo-BRUVs","npz6.2","L033 (03).MP4","1","3.05583","Labridae","Choerodon","rubescens",NA,1,"-28.0612","113.4339","20210512","09:26","NPZ6","No-take","npz6.2","43.6","Molly","Yes","Yes"
"2021-05_Abrolhos_stereo-BRUVs","npz6.2","L033 (04).MP4","1","19.28927","Labridae","Coris","auricularis",NA,164,"-28.0612","113.4339","20210512","09:26","NPZ6","No-take","npz6.2","43.6","Molly","Yes","Yes"
"2021-05_Abrolhos_stereo-BRUVs","npz6.2","L033 (05).MP4","1","40.06697","Labridae","Labroides","dimidiatus",NA,1,"-28.0612","113.4339","20210512","09:26","NPZ6","No-take","npz6.2","43.6","Molly","Yes","Yes"
"2021-05_Abrolhos_stereo-BRUVs","npz6.2","L033 (04).MP4","1","23.21875","Lethrinidae","Lethrinus","miniatus",NA,2,"-28.0612","113.4339","20210512","09:26","NPZ6","No-take","npz6.2","43.6","Molly","Yes","Yes"
"2021-05_Abrolhos_stereo-BRUVs","npz6.2","L033 (05).MP4","1","41.95497","Lethrinidae","Lethrinus","punctulatus",NA,1,"-28.0612","113.4339","20210512","09:26","NPZ6","No-take","npz6.2","43.6","Molly","Yes","Yes"
"2021-05_Abrolhos_stereo-BRUVs","npz6.2","L033 (05).MP4","1","41.95413","Lethrinidae","Lethrinus","ravus",NA,1,"-28.0612","113.4339","20210512","09:26","NPZ6","No-take","npz6.2","43.6","Molly","Yes","Yes"
"2021-05_Abrolhos_stereo-BRUVs","npz6.2","L033 (06).MP4","1","57.65955","Mullidae","Parupeneus","spilurus",NA,1,"-28.0612","113.4339","20210512","09:26","NPZ6","No-take","npz6.2","43.6","Molly","Yes","Yes"
"2021-05_Abrolhos_stereo-BRUVs","npz6.2","L033 (03).MP4","1","4.97469","Muraenidae","Gymnothorax","woodwardi",NA,1,"-28.0612","113.4339","20210512","09:26","NPZ6","No-take","npz6.2","43.6","Molly","Yes","Yes"
"2021-05_Abrolhos_stereo-BRUVs","npz6.2","L033 (04).MP4","1","18.79489","Nemipteridae","Pentapodus","nagasakiensis",NA,1,"-28.0612","113.4339","20210512","09:26","NPZ6","No-take","npz6.2","43.6","Molly","Yes","Yes"
"2021-05_Abrolhos_stereo-BRUVs","npz6.2","L033 (03).MP4","1","2.90401","Pinguipedidae","Parapercis","haackei",NA,1,"-28.0612","113.4339","20210512","09:26","NPZ6","No-take","npz6.2","43.6","Molly","Yes","Yes"
"2021-05_Abrolhos_stereo-BRUVs","npz6.2","L033 (04).MP4","1","23.09168","Scombridae","Scomberomorus","spp",NA,1,"-28.0612","113.4339","20210512","09:26","NPZ6","No-take","npz6.2","43.6","Molly","Yes","Yes"
"2021-05_Abrolhos_stereo-BRUVs","npz6.2","L033 (04).MP4","1","14.90183","Tetraodontidae","Torquigener","pallimaculatus",NA,2,"-28.0612","113.4339","20210512","09:26","NPZ6","No-take","npz6.2","43.6","Molly","Yes","Yes"
"2021-05_Abrolhos_stereo-BRUVs","npz6.20","L039 (03).MP4","1","14.54258","Carangidae","Carangoides","spp",NA,6,"-28.0736","113.4593","20210512","09:13","NPZ6","No-take","npz6.21","50.4","Molly","Yes","Yes"
"2021-05_Abrolhos_stereo-BRUVs","npz6.20","L039 (03).MP4","1","13.73233","Haemulidae","Diagramma","pictum",NA,3,"-28.0736","113.4593","20210512","09:13","NPZ6","No-take","npz6.21","50.4","Molly","Yes","Yes"
"2021-05_Abrolhos_stereo-BRUVs","npz6.20","L039 (04).MP4","1","30.15596","Labridae","Choerodon","rubescens",NA,4,"-28.0736","113.4593","20210512","09:13","NPZ6","No-take","npz6.21","50.4","Molly","Yes","Yes"
"2021-05_Abrolhos_stereo-BRUVs","npz6.20","L039 (04).MP4","1","36.61519","Labridae","Coris","auricularis",NA,3,"-28.0736","113.4593","20210512","09:13","NPZ6","No-take","npz6.21","50.4","Molly","Yes","Yes"
"2021-05_Abrolhos_stereo-BRUVs","npz6.20","L039 (03).MP4","1","7.58814","Labridae","Suezichthys","cyanolaemus",NA,2,"-28.0736","113.4593","20210512","09:13","NPZ6","No-take","npz6.21","50.4","Molly","Yes","Yes"
"2021-05_Abrolhos_stereo-BRUVs","npz6.20","L039 (04).MP4","1","19.82953","Lethrinidae","Lethrinus","miniatus",NA,4,"-28.0736","113.4593","20210512","09:13","NPZ6","No-take","npz6.21","50.4","Molly","Yes","Yes"
"2021-05_Abrolhos_stereo-BRUVs","npz6.20","L039 (04).MP4","1","30.85610","Lethrinidae","Lethrinus","nebulosus",NA,3,"-28.0736","113.4593","20210512","09:13","NPZ6","No-take","npz6.21","50.4","Molly","Yes","Yes"
"2021-05_Abrolhos_stereo-BRUVs","npz6.20","L039 (04).MP4","1","28.47178","Nemipteridae","Pentapodus","nagasakiensis",NA,7,"-28.0736","113.4593","20210512","09:13","NPZ6","No-take","npz6.21","50.4","Molly","Yes","Yes"
"2021-05_Abrolhos_stereo-BRUVs","npz6.21","L035 (11).MP4","1","29.76752","Carcharhinidae","Carcharhinus","plumbeus",NA,1,"-28.0714","113.3992","20210512","10:54","NPZ6","No-take","npz6.22","59.3","Molly","Yes","Yes"
"2021-05_Abrolhos_stereo-BRUVs","npz6.21","L035 (10).MP4","1","26.20813","Labridae","Bodianus","solatus",NA,1,"-28.0714","113.3992","20210512","10:54","NPZ6","No-take","npz6.22","59.3","Molly","Yes","Yes"
"2021-05_Abrolhos_stereo-BRUVs","npz6.21","L035 (11).MP4","1","43.87494","Labridae","Choerodon","rubescens",NA,3,"-28.0714","113.3992","20210512","10:54","NPZ6","No-take","npz6.22","59.3","Molly","Yes","Yes"
"2021-05_Abrolhos_stereo-BRUVs","npz6.21","L035 (10).MP4","1","8.53853","Labridae","Coris","auricularis",NA,6,"-28.0714","113.3992","20210512","10:54","NPZ6","No-take","npz6.22","59.3","Molly","Yes","Yes"
"2021-05_Abrolhos_stereo-BRUVs","npz6.21","L035 (09).MP4","1","2.37320","Labridae","Suezichthys","cyanolaemus",NA,5,"-28.0714","113.3992","20210512","10:54","NPZ6","No-take","npz6.22","59.3","Molly","Yes","Yes"
"2021-05_Abrolhos_stereo-BRUVs","npz6.21","L035 (11).MP4","1","35.21935","Lethrinidae","Lethrinus","nebulosus",NA,5,"-28.0714","113.3992","20210512","10:54","NPZ6","No-take","npz6.22","59.3","Molly","Yes","Yes"
"2021-05_Abrolhos_stereo-BRUVs","npz6.21","L035 (09).MP4","1","1.31409","Mullidae","Parupeneus","spilurus",NA,2,"-28.0714","113.3992","20210512","10:54","NPZ6","No-take","npz6.22","59.3","Molly","Yes","Yes"
"2021-05_Abrolhos_stereo-BRUVs","npz6.21","L035 (09).MP4","1","1.31409","Nemipteridae","Pentapodus","nagasakiensis",NA,1,"-28.0714","113.3992","20210512","10:54","NPZ6","No-take","npz6.22","59.3","Molly","Yes","Yes"
"2021-05_Abrolhos_stereo-BRUVs","npz6.21","L035 (12).MP4","1","57.41514","Pomacanthidae","Chaetodontoplus","personifer",NA,2,"-28.0714","113.3992","20210512","10:54","NPZ6","No-take","npz6.22","59.3","Molly","Yes","Yes"
"2021-05_Abrolhos_stereo-BRUVs","npz6.21","L035 (10).MP4","1","21.61771","Pomacentridae","Chromis","spp",NA,17,"-28.0714","113.3992","20210512","10:54","NPZ6","No-take","npz6.22","59.3","Molly","Yes","Yes"
"2021-05_Abrolhos_stereo-BRUVs","npz6.21","L035 (11).MP4","1","38.37806","Sparidae","Chrysophrys","auratus",NA,6,"-28.0714","113.3992","20210512","10:54","NPZ6","No-take","npz6.22","59.3","Molly","Yes","Yes"
"2021-05_Abrolhos_stereo-BRUVs","npz6.22","L037 (05).MP4","1","51.56791","Carangidae","Seriola","hippos",NA,1,"-28.0687","113.4512","20210512","09:16","NPZ6","No-take","npz6.23","45","Molly","Yes","Yes"
"2021-05_Abrolhos_stereo-BRUVs","npz6.22","L037 (03).MP4","1","14.63935","Chaetodontidae","Chaetodon","assarius",NA,1,"-28.0687","113.4512","20210512","09:16","NPZ6","No-take","npz6.23","45","Molly","Yes","Yes"
"2021-05_Abrolhos_stereo-BRUVs","npz6.22","L037 (04).MP4","1","30.53968","Haemulidae","Diagramma","pictum",NA,3,"-28.0687","113.4512","20210512","09:16","NPZ6","No-take","npz6.23","45","Molly","Yes","Yes"
"2021-05_Abrolhos_stereo-BRUVs","npz6.22","L037 (03).MP4","1","13.97007","Labridae","Choerodon","rubescens",NA,1,"-28.0687","113.4512","20210512","09:16","NPZ6","No-take","npz6.23","45","Molly","Yes","Yes"
"2021-05_Abrolhos_stereo-BRUVs","npz6.22","L037 (05).MP4","1","47.16100","Labridae","Coris","auricularis",NA,130,"-28.0687","113.4512","20210512","09:16","NPZ6","No-take","npz6.23","45","Molly","Yes","Yes"
"2021-05_Abrolhos_stereo-BRUVs","npz6.22","L037 (03).MP4","1","4.71193","Labridae","Suezichthys","cyanolaemus",NA,1,"-28.0687","113.4512","20210512","09:16","NPZ6","No-take","npz6.23","45","Molly","Yes","Yes"
"2021-05_Abrolhos_stereo-BRUVs","npz6.22","L037 (05).MP4","1","54.60149","Lethrinidae","Lethrinus","miniatus",NA,3,"-28.0687","113.4512","20210512","09:16","NPZ6","No-take","npz6.23","45","Molly","Yes","Yes"
"2021-05_Abrolhos_stereo-BRUVs","npz6.22","L037 (03).MP4","1","13.54881","Mullidae","Parupeneus","spilurus",NA,1,"-28.0687","113.4512","20210512","09:16","NPZ6","No-take","npz6.23","45","Molly","Yes","Yes"
"2021-05_Abrolhos_stereo-BRUVs","npz6.22","L037 (04).MP4","1","17.69546","Urolophidae",NA,"spp",NA,1,"-28.0687","113.4512","20210512","09:16","NPZ6","No-take","npz6.23","45","Molly","Yes","Yes"
"2021-05_Abrolhos_stereo-BRUVs","npz6.24","L027 (03).MP4","1","3.79240","Carangidae","Seriola","hippos",NA,2,"-28.0787","113.4414","20210512","09:07","NPZ6","No-take","npz6.27","53.7","Molly","Yes","Yes"
"2021-05_Abrolhos_stereo-BRUVs","npz6.24","L027 (03).MP4","1","0.65009","Haemulidae","Diagramma","pictum",NA,1,"-28.0787","113.4414","20210512","09:07","NPZ6","No-take","npz6.27","53.7","Molly","Yes","Yes"
"2021-05_Abrolhos_stereo-BRUVs","npz6.24","L027 (04).MP4","1","41.96943","Labridae","Choerodon","rubescens",NA,1,"-28.0787","113.4414","20210512","09:07","NPZ6","No-take","npz6.27","53.7","Molly","Yes","Yes"
"2021-05_Abrolhos_stereo-BRUVs","npz6.24","L027 (04).MP4","1","40.20628","Labridae","Coris","auricularis",NA,67,"-28.0787","113.4414","20210512","09:07","NPZ6","No-take","npz6.27","53.7","Molly","Yes","Yes"
"2021-05_Abrolhos_stereo-BRUVs","npz6.24","L027 (05).MP4","1","50.21906","Labridae","Suezichthys","cyanolaemus",NA,1,"-28.0787","113.4414","20210512","09:07","NPZ6","No-take","npz6.27","53.7","Molly","Yes","Yes"
"2021-05_Abrolhos_stereo-BRUVs","npz6.24","L027 (03).MP4","1","15.14235","Lethrinidae","Lethrinus","miniatus",NA,6,"-28.0787","113.4414","20210512","09:07","NPZ6","No-take","npz6.27","53.7","Molly","Yes","Yes"
"2021-05_Abrolhos_stereo-BRUVs","npz6.24","L027 (03).MP4","1","0.32727","Mullidae","Parupeneus","spilurus",NA,1,"-28.0787","113.4414","20210512","09:07","NPZ6","No-take","npz6.27","53.7","Molly","Yes","Yes"
"2021-05_Abrolhos_stereo-BRUVs","npz6.24","L027 (03).MP4","1","1.29351","Pomacentridae","Chromis","spp",NA,55,"-28.0787","113.4414","20210512","09:07","NPZ6","No-take","npz6.27","53.7","Molly","Yes","Yes"
"2021-05_Abrolhos_stereo-BRUVs","npz6.26","L041 (02).MP4","1","3.21238","Acanthuridae","Acanthurus","grammoptilus",NA,4,"-28.0937","113.4563","20210512","08:43","NPZ6","No-take","npz6.29","33.7","Molly","Yes","Yes"
"2021-05_Abrolhos_stereo-BRUVs","npz6.26","L041 (02).MP4","1","6.52485","Acanthuridae","Acanthurus","olivaceus",NA,4,"-28.0937","113.4563","20210512","08:43","NPZ6","No-take","npz6.29","33.7","Molly","Yes","Yes"
"2021-05_Abrolhos_stereo-BRUVs","npz6.26","L041 (03).MP4","1","13.20847","Carangidae","Carangoides","fulvoguttatus",NA,1,"-28.0937","113.4563","20210512","08:43","NPZ6","No-take","npz6.29","33.7","Molly","Yes","Yes"
"2021-05_Abrolhos_stereo-BRUVs","npz6.26","L041 (04).MP4","1","37.46131","Carangidae",NA,"spp","other 2 OOR",1,"-28.0937","113.4563","20210512","08:43","NPZ6","No-take","npz6.29","33.7","Molly","Yes","Yes"
"2021-05_Abrolhos_stereo-BRUVs","npz6.26","L041 (02).MP4","1","2.88149","Chaetodontidae","Chaetodon","auriga",NA,2,"-28.0937","113.4563","20210512","08:43","NPZ6","No-take","npz6.29","33.7","Molly","Yes","Yes"
"2021-05_Abrolhos_stereo-BRUVs","npz6.26","L041 (03).MP4","1","22.13489","Chaetodontidae","Chaetodon","lunula",NA,2,"-28.0937","113.4563","20210512","08:43","NPZ6","No-take","npz6.29","33.7","Molly","Yes","Yes"
"2021-05_Abrolhos_stereo-BRUVs","npz6.26","L041 (02).MP4","1","1.02324","Labridae","Anampses","caeruleopunctatus",NA,1,"-28.0937","113.4563","20210512","08:43","NPZ6","No-take","npz6.29","33.7","Molly","Yes","Yes"
"2021-05_Abrolhos_stereo-BRUVs","npz6.26","L041 (02).MP4","1","0.65315","Labridae","Anampses","geographicus",NA,4,"-28.0937","113.4563","20210512","08:43","NPZ6","No-take","npz6.29","33.7","Molly","Yes","Yes"
"2021-05_Abrolhos_stereo-BRUVs","npz6.26","L041 (02).MP4","1","3.24630","Labridae","Bodianus","bilunulatus",NA,3,"-28.0937","113.4563","20210512","08:43","NPZ6","No-take","npz6.29","33.7","Molly","Yes","Yes"
"2021-05_Abrolhos_stereo-BRUVs","npz6.26","L041 (03).MP4","1","11.72560","Labridae","Choerodon","rubescens",NA,6,"-28.0937","113.4563","20210512","08:43","NPZ6","No-take","npz6.29","33.7","Molly","Yes","Yes"
"2021-05_Abrolhos_stereo-BRUVs","npz6.26","L041 (04).MP4","1","37.17658","Labridae","Coris","auricularis",NA,51,"-28.0937","113.4563","20210512","08:43","NPZ6","No-take","npz6.29","33.7","Molly","Yes","Yes"
"2021-05_Abrolhos_stereo-BRUVs","npz6.26","L041 (02).MP4","1","0.29891","Labridae","Coris","caudimacula",NA,1,"-28.0937","113.4563","20210512","08:43","NPZ6","No-take","npz6.29","33.7","Molly","Yes","Yes"
"2021-05_Abrolhos_stereo-BRUVs","npz6.26","L041 (04).MP4","1","41.52009","Labridae","Labroides","dimidiatus",NA,3,"-28.0937","113.4563","20210512","08:43","NPZ6","No-take","npz6.29","33.7","Molly","Yes","Yes"
"2021-05_Abrolhos_stereo-BRUVs","npz6.26","L041 (02).MP4","1","0.74575","Labridae","Suezichthys","cyanolaemus",NA,2,"-28.0937","113.4563","20210512","08:43","NPZ6","No-take","npz6.29","33.7","Molly","Yes","Yes"
"2021-05_Abrolhos_stereo-BRUVs","npz6.26","L041 (03).MP4","1","11.50566","Labridae","Thalassoma","lutescens","check",3,"-28.0937","113.4563","20210512","08:43","NPZ6","No-take","npz6.29","33.7","Molly","Yes","Yes"
"2021-05_Abrolhos_stereo-BRUVs","npz6.26","L041 (03).MP4","1","18.01578","Lethrinidae","Lethrinus","miniatus",NA,5,"-28.0937","113.4563","20210512","08:43","NPZ6","No-take","npz6.29","33.7","Molly","Yes","Yes"
"2021-05_Abrolhos_stereo-BRUVs","npz6.26","L041 (03).MP4","1","13.09086","Lethrinidae","Lethrinus","nebulosus",NA,2,"-28.0937","113.4563","20210512","08:43","NPZ6","No-take","npz6.29","33.7","Molly","Yes","Yes"
"2021-05_Abrolhos_stereo-BRUVs","npz6.26","L041 (03).MP4","1","20.82469","Lethrinidae","Lethrinus","ravus",NA,4,"-28.0937","113.4563","20210512","08:43","NPZ6","No-take","npz6.29","33.7","Molly","Yes","Yes"
"2021-05_Abrolhos_stereo-BRUVs","npz6.26","L041 (03).MP4","1","17.12155","Monacanthidae","Aluterus","scriptus","check",1,"-28.0937","113.4563","20210512","08:43","NPZ6","No-take","npz6.29","33.7","Molly","Yes","Yes"
"2021-05_Abrolhos_stereo-BRUVs","npz6.26","L041 (04).MP4","1","46.68803","Mullidae","Parupeneus","spilurus",NA,12,"-28.0937","113.4563","20210512","08:43","NPZ6","No-take","npz6.29","33.7","Molly","Yes","Yes"
"2021-05_Abrolhos_stereo-BRUVs","npz6.26","L041 (04).MP4","1","45.94173","Pomacanthidae","Pomacanthus","semicirculatus",NA,1,"-28.0937","113.4563","20210512","08:43","NPZ6","No-take","npz6.29","33.7","Molly","Yes","Yes"
"2021-05_Abrolhos_stereo-BRUVs","npz6.26","L041 (02).MP4","1","3.58330","Pomacentridae","Chromis","spp",NA,42,"-28.0937","113.4563","20210512","08:43","NPZ6","No-take","npz6.29","33.7","Molly","Yes","Yes"
"2021-05_Abrolhos_stereo-BRUVs","npz6.26","L041 (03).MP4","1","13.62500","Scaridae","Scarus","sp3",NA,5,"-28.0937","113.4563","20210512","08:43","NPZ6","No-take","npz6.29","33.7","Molly","Yes","Yes"
"2021-05_Abrolhos_stereo-BRUVs","npz6.26","L041 (02).MP4","1","2.64320","Siganidae","Siganus","argenteus",NA,5,"-28.0937","113.4563","20210512","08:43","NPZ6","No-take","npz6.29","33.7","Molly","Yes","Yes"
"2021-05_Abrolhos_stereo-BRUVs","npz6.26","L041 (02).MP4","1","3.21238","Siganidae","Siganus","punctatus",NA,2,"-28.0937","113.4563","20210512","08:43","NPZ6","No-take","npz6.29","33.7","Molly","Yes","Yes"
"2021-05_Abrolhos_stereo-BRUVs","npz6.26","L041 (03).MP4","1","10.29640","Sparidae","Chrysophrys","auratus",NA,2,"-28.0937","113.4563","20210512","08:43","NPZ6","No-take","npz6.29","33.7","Molly","Yes","Yes"
"2021-05_Abrolhos_stereo-BRUVs","npz6.26","L041 (03).MP4","1","11.06689","Zanclidae","Zanclus","cornutus",NA,2,"-28.0937","113.4563","20210512","08:43","NPZ6","No-take","npz6.29","33.7","Molly","Yes","Yes"
"2021-05_Abrolhos_stereo-BRUVs","npz6.27","L043 (05).MP4","1","58.99755","Carangidae","Seriola","hippos",NA,1,"-28.0562","113.4464","20210512","09:21","NPZ6","No-take","npz6.30","39","Molly","Yes","Yes"
"2021-05_Abrolhos_stereo-BRUVs","npz6.27","L043 (05).MP4","1","62.79273","Chaetodontidae","Chaetodon","assarius",NA,1,"-28.0562","113.4464","20210512","09:21","NPZ6","No-take","npz6.30","39","Molly","Yes","Yes"
"2021-05_Abrolhos_stereo-BRUVs","npz6.27","L043 (04).MP4","1","22.95349","Haemulidae","Diagramma","pictum",NA,1,"-28.0562","113.4464","20210512","09:21","NPZ6","No-take","npz6.30","39","Molly","Yes","Yes"
"2021-05_Abrolhos_stereo-BRUVs","npz6.27","L043 (04).MP4","1","27.47356","Labridae","Choerodon","rubescens",NA,1,"-28.0562","113.4464","20210512","09:21","NPZ6","No-take","npz6.30","39","Molly","Yes","Yes"
"2021-05_Abrolhos_stereo-BRUVs","npz6.27","L043 (04).MP4","1","19.67271","Labridae","Coris","auricularis",NA,34,"-28.0562","113.4464","20210512","09:21","NPZ6","No-take","npz6.30","39","Molly","Yes","Yes"
"2021-05_Abrolhos_stereo-BRUVs","npz6.27","L043 (04).MP4","1","36.32573","Labridae","Labroides","dimidiatus",NA,1,"-28.0562","113.4464","20210512","09:21","NPZ6","No-take","npz6.30","39","Molly","Yes","Yes"
"2021-05_Abrolhos_stereo-BRUVs","npz6.27","L043 (04).MP4","1","36.05101","Labridae","Suezichthys","cyanolaemus",NA,1,"-28.0562","113.4464","20210512","09:21","NPZ6","No-take","npz6.30","39","Molly","Yes","Yes"
"2021-05_Abrolhos_stereo-BRUVs","npz6.27","L043 (03).MP4","1","12.97741","Lethrinidae","Lethrinus","miniatus",NA,6,"-28.0562","113.4464","20210512","09:21","NPZ6","No-take","npz6.30","39","Molly","Yes","Yes"
"2021-05_Abrolhos_stereo-BRUVs","npz6.27","L043 (04).MP4","1","26.32185","Lethrinidae","Lethrinus","nebulosus",NA,5,"-28.0562","113.4464","20210512","09:21","NPZ6","No-take","npz6.30","39","Molly","Yes","Yes"
"2021-05_Abrolhos_stereo-BRUVs","npz6.27","L043 (03).MP4","1","6.15254","Mullidae","Parupeneus","spilurus",NA,1,"-28.0562","113.4464","20210512","09:21","NPZ6","No-take","npz6.30","39","Molly","Yes","Yes"
"2021-05_Abrolhos_stereo-BRUVs","npz6.27","L043 (05).MP4","1","75.17427","Muraenidae","Gymnothorax","woodwardi",NA,1,"-28.0562","113.4464","20210512","09:21","NPZ6","No-take","npz6.30","39","Molly","Yes","Yes"
"2021-05_Abrolhos_stereo-BRUVs","npz6.27","L043 (03).MP4","1","6.89105","Pempherididae","Pempheris","tominagai",NA,7,"-28.0562","113.4464","20210512","09:21","NPZ6","No-take","npz6.30","39","Molly","Yes","Yes"
"2021-05_Abrolhos_stereo-BRUVs","npz6.27","L043 (03).MP4","1","10.75992","Pomacentridae","Chromis","spp",NA,59,"-28.0562","113.4464","20210512","09:21","NPZ6","No-take","npz6.30","39","Molly","Yes","Yes"
"2021-05_Abrolhos_stereo-BRUVs","npz6.28","L037 (19).MP4","1","26.00320","Tetraodontidae","Lagocephalus","sceleratus",NA,1,"-28.1237","113.3663","20210512","14:45","NPZ6","Fished","out6.1","149","Molly","Yes","Yes"
"2021-05_Abrolhos_stereo-BRUVs","npz6.28","L037 (19).MP4","1","17.89454","Triakidae","Mustelus","ravidus",NA,1,"-28.1237","113.3663","20210512","14:45","NPZ6","Fished","out6.1","149","Molly","Yes","Yes"
"2021-05_Abrolhos_stereo-BRUVs","npz6.28","L037 (18).MP4","1","7.29229","Unknown","Unknown","spp",NA,1,"-28.1237","113.3663","20210512","14:45","NPZ6","Fished","out6.1","149","Molly","Yes","Yes"
"2021-05_Abrolhos_stereo-BRUVs","npz6.36","L027 (20).MP4","1","3.32443","Apogonidae","Ostorhinchus","spp",NA,1,"-28.1062","113.4089","20210512","15:02","NPZ6","Fished","out6.9","66.5","Molly","Yes","Yes"
"2021-05_Abrolhos_stereo-BRUVs","npz6.36","L027 (21).MP4","1","21.52567","Carangidae","Seriola","hippos",NA,1,"-28.1062","113.4089","20210512","15:02","NPZ6","Fished","out6.9","66.5","Molly","Yes","Yes"
"2021-05_Abrolhos_stereo-BRUVs","npz6.36","L027 (22).MP4","1","41.18503","Cheilodactylidae","Cheilodactylus","gibbosus",NA,1,"-28.1062","113.4089","20210512","15:02","NPZ6","Fished","out6.9","66.5","Molly","Yes","Yes"
"2021-05_Abrolhos_stereo-BRUVs","npz6.36","L027 (20).MP4","1","6.92164","Cirrhitidae","Paracirrhites","forsteri",NA,1,"-28.1062","113.4089","20210512","15:02","NPZ6","Fished","out6.9","66.5","Molly","Yes","Yes"
"2021-05_Abrolhos_stereo-BRUVs","npz6.36","L027 (20).MP4","1","3.44122","Echeneidae","Echeneis","naucrates",NA,1,"-28.1062","113.4089","20210512","15:02","NPZ6","Fished","out6.9","66.5","Molly","Yes","Yes"
"2021-05_Abrolhos_stereo-BRUVs","npz6.36","L027 (20).MP4","1","11.48064","Labridae","Bodianus","solatus",NA,1,"-28.1062","113.4089","20210512","15:02","NPZ6","Fished","out6.9","66.5","Molly","Yes","Yes"
"2021-05_Abrolhos_stereo-BRUVs","npz6.36","L027 (21).MP4","1","19.38242","Labridae","Choerodon","rubescens",NA,2,"-28.1062","113.4089","20210512","15:02","NPZ6","Fished","out6.9","66.5","Molly","Yes","Yes"
"2021-05_Abrolhos_stereo-BRUVs","npz6.36","L027 (22).MP4","1","48.71645","Labridae","Coris","auricularis",NA,1,"-28.1062","113.4089","20210512","15:02","NPZ6","Fished","out6.9","66.5","Molly","Yes","Yes"
"2021-05_Abrolhos_stereo-BRUVs","npz6.36","L027 (20).MP4","1","4.51924","Labridae","Suezichthys","cyanolaemus",NA,2,"-28.1062","113.4089","20210512","15:02","NPZ6","Fished","out6.9","66.5","Molly","Yes","Yes"
"2021-05_Abrolhos_stereo-BRUVs","npz6.36","L027 (20).MP4","1","12.74273","Lethrinidae","Lethrinus","miniatus",NA,1,"-28.1062","113.4089","20210512","15:02","NPZ6","Fished","out6.9","66.5","Molly","Yes","Yes"
"2021-05_Abrolhos_stereo-BRUVs","npz6.36","L027 (21).MP4","1","18.39282","Lethrinidae","Lethrinus","nebulosus",NA,3,"-28.1062","113.4089","20210512","15:02","NPZ6","Fished","out6.9","66.5","Molly","Yes","Yes"
"2021-05_Abrolhos_stereo-BRUVs","npz6.36","L027 (22).MP4","1","47.87727","Mullidae","Parupeneus","spilurus",NA,1,"-28.1062","113.4089","20210512","15:02","NPZ6","Fished","out6.9","66.5","Molly","Yes","Yes"
"2021-05_Abrolhos_stereo-BRUVs","npz6.36","L027 (20).MP4","1","4.12857","Pinguipedidae","Parapercis","spp",NA,1,"-28.1062","113.4089","20210512","15:02","NPZ6","Fished","out6.9","66.5","Molly","Yes","Yes"
"2021-05_Abrolhos_stereo-BRUVs","npz6.36","L027 (20).MP4","1","12.11015","Pomacanthidae","Chaetodontoplus","personifer",NA,2,"-28.1062","113.4089","20210512","15:02","NPZ6","Fished","out6.9","66.5","Molly","Yes","Yes"
"2021-05_Abrolhos_stereo-BRUVs","npz6.36","L027 (20).MP4","1","1.40974","Pomacentridae","Chromis","spp",NA,87,"-28.1062","113.4089","20210512","15:02","NPZ6","Fished","out6.9","66.5","Molly","Yes","Yes"
"2021-05_Abrolhos_stereo-BRUVs","npz6.36","L027 (20).MP4","1","1.65443","Serranidae","Epinephelus","rivulatus",NA,1,"-28.1062","113.4089","20210512","15:02","NPZ6","Fished","out6.9","66.5","Molly","Yes","Yes"
"2021-05_Abrolhos_stereo-BRUVs","npz6.36","L027 (22).MP4","1","37.48523","Sparidae","Chrysophrys","auratus",NA,11,"-28.1062","113.4089","20210512","15:02","NPZ6","Fished","out6.9","66.5","Molly","Yes","Yes"
"2021-05_Abrolhos_stereo-BRUVs","npz6.4","L029 (08).MP4","1","10.20798","Carangidae","Seriola","hippos",NA,1,"-28.0814","113.3988","20210512","10:57","NPZ6","No-take","npz6.4","67.5","Molly","Yes","Yes"
"2021-05_Abrolhos_stereo-BRUVs","npz6.4","L029 (09).MP4","1","31.87657","Carcharhinidae","Carcharhinus","plumbeus",NA,1,"-28.0814","113.3988","20210512","10:57","NPZ6","No-take","npz6.4","67.5","Molly","Yes","Yes"
"2021-05_Abrolhos_stereo-BRUVs","npz6.4","L029 (08).MP4","1","10.20798","Labridae","Bodianus","solatus",NA,1,"-28.0814","113.3988","20210512","10:57","NPZ6","No-take","npz6.4","67.5","Molly","Yes","Yes"
"2021-05_Abrolhos_stereo-BRUVs","npz6.4","L029 (09).MP4","1","28.25044","Labridae","Choerodon","rubescens",NA,3,"-28.0814","113.3988","20210512","10:57","NPZ6","No-take","npz6.4","67.5","Molly","Yes","Yes"
"2021-05_Abrolhos_stereo-BRUVs","npz6.4","L029 (08).MP4","1","10.01417","Labridae","Coris","auricularis",NA,6,"-28.0814","113.3988","20210512","10:57","NPZ6","No-take","npz6.4","67.5","Molly","Yes","Yes"
"2021-05_Abrolhos_stereo-BRUVs","npz6.4","L029 (08).MP4","1","1.49483","Labridae","Stethojulis","spp",NA,1,"-28.0814","113.3988","20210512","10:57","NPZ6","No-take","npz6.4","67.5","Molly","Yes","Yes"
"2021-05_Abrolhos_stereo-BRUVs","npz6.4","L029 (08).MP4","1","2.00144","Labridae","Suezichthys","cyanolaemus",NA,1,"-28.0814","113.3988","20210512","10:57","NPZ6","No-take","npz6.4","67.5","Molly","Yes","Yes"
"2021-05_Abrolhos_stereo-BRUVs","npz6.4","L029 (09).MP4","1","22.97962","Lethrinidae","Lethrinus","miniatus",NA,2,"-28.0814","113.3988","20210512","10:57","NPZ6","No-take","npz6.4","67.5","Molly","Yes","Yes"
"2021-05_Abrolhos_stereo-BRUVs","npz6.4","L029 (09).MP4","1","29.38018","Lethrinidae","Lethrinus","nebulosus",NA,2,"-28.0814","113.3988","20210512","10:57","NPZ6","No-take","npz6.4","67.5","Molly","Yes","Yes"
"2021-05_Abrolhos_stereo-BRUVs","npz6.4","L029 (08).MP4","1","5.85613","Nemipteridae","Pentapodus","nagasakiensis",NA,3,"-28.0814","113.3988","20210512","10:57","NPZ6","No-take","npz6.4","67.5","Molly","Yes","Yes"
"2021-05_Abrolhos_stereo-BRUVs","npz6.4","L029 (08).MP4","1","1.90468","Pinguipedidae","Parapercis","nebulosa",NA,1,"-28.0814","113.3988","20210512","10:57","NPZ6","No-take","npz6.4","67.5","Molly","Yes","Yes"
"2021-05_Abrolhos_stereo-BRUVs","npz6.4","L029 (10).MP4","1","34.15273","Scombridae","Scomberomorus","spp",NA,6,"-28.0814","113.3988","20210512","10:57","NPZ6","No-take","npz6.4","67.5","Molly","Yes","Yes"
"2021-05_Abrolhos_stereo-BRUVs","npz6.4","L029 (08).MP4","1","5.69986","Serranidae","Epinephelus","rivulatus",NA,1,"-28.0814","113.3988","20210512","10:57","NPZ6","No-take","npz6.4","67.5","Molly","Yes","Yes"
"2021-05_Abrolhos_stereo-BRUVs","npz6.4","L029 (09).MP4","1","32.51276","Sparidae","Chrysophrys","auratus",NA,18,"-28.0814","113.3988","20210512","10:57","NPZ6","No-take","npz6.4","67.5","Molly","Yes","Yes"
"2021-05_Abrolhos_stereo-BRUVs","npz6.5","L041 (09).MP4","1","5.90534","Carangidae","Seriola","hippos",NA,1,"-28.0636","113.3935","20210512","10:50","NPZ6","No-take","npz6.5","65.8","Molly","Yes","Yes"
"2021-05_Abrolhos_stereo-BRUVs","npz6.5","L041 (08).MP4","1","2.47998","Chaetodontidae","Chaetodon","assarius",NA,3,"-28.0636","113.3935","20210512","10:50","NPZ6","No-take","npz6.5","65.8","Molly","Yes","Yes"
"2021-05_Abrolhos_stereo-BRUVs","npz6.5","L041 (10).MP4","1","39.35376","Labridae","Choerodon","rubescens",NA,2,"-28.0636","113.3935","20210512","10:50","NPZ6","No-take","npz6.5","65.8","Molly","Yes","Yes"
"2021-05_Abrolhos_stereo-BRUVs","npz6.5","L041 (09).MP4","1","15.35506","Labridae","Coris","auricularis",NA,22,"-28.0636","113.3935","20210512","10:50","NPZ6","No-take","npz6.5","65.8","Molly","Yes","Yes"
"2021-05_Abrolhos_stereo-BRUVs","npz6.5","L041 (09).MP4","1","24.17081","Labridae","Stethojulis","spp",NA,1,"-28.0636","113.3935","20210512","10:50","NPZ6","No-take","npz6.5","65.8","Molly","Yes","Yes"
"2021-05_Abrolhos_stereo-BRUVs","npz6.5","L041 (09).MP4","1","10.72794","Labridae","Suezichthys","cyanolaemus",NA,4,"-28.0636","113.3935","20210512","10:50","NPZ6","No-take","npz6.5","65.8","Molly","Yes","Yes"
"2021-05_Abrolhos_stereo-BRUVs","npz6.5","L041 (11).MP4","1","54.01257","Lethrinidae","Lethrinus","nebulosus",NA,2,"-28.0636","113.3935","20210512","10:50","NPZ6","No-take","npz6.5","65.8","Molly","Yes","Yes"
"2021-05_Abrolhos_stereo-BRUVs","npz6.5","L041 (09).MP4","1","8.02552","Mullidae","Parupeneus","spilurus",NA,3,"-28.0636","113.3935","20210512","10:50","NPZ6","No-take","npz6.5","65.8","Molly","Yes","Yes"
"2021-05_Abrolhos_stereo-BRUVs","npz6.5","L041 (09).MP4","1","9.20058","Muraenidae","Gymnothorax","woodwardi",NA,1,"-28.0636","113.3935","20210512","10:50","NPZ6","No-take","npz6.5","65.8","Molly","Yes","Yes"
"2021-05_Abrolhos_stereo-BRUVs","npz6.5","L041 (10).MP4","1","33.11753","Pomacentridae","Chromis","spp",NA,23,"-28.0636","113.3935","20210512","10:50","NPZ6","No-take","npz6.5","65.8","Molly","Yes","Yes"
"2021-05_Abrolhos_stereo-BRUVs","npz6.5","L041 (11).MP4","1","50.18402","Scaridae","Scarus","sp3",NA,1,"-28.0636","113.3935","20210512","10:50","NPZ6","No-take","npz6.5","65.8","Molly","Yes","Yes"
"2021-05_Abrolhos_stereo-BRUVs","npz6.5","L041 (11).MP4","1","54.11628","Sparidae","Chrysophrys","auratus",NA,3,"-28.0636","113.3935","20210512","10:50","NPZ6","No-take","npz6.5","65.8","Molly","Yes","Yes"
"2021-05_Abrolhos_stereo-BRUVs","npz6.6","L031 (03).MP4","1","25.33364","Carangidae","Seriola","hippos",NA,1,"-28.0837","113.4439","20210512","09:04","NPZ6","No-take","npz6.6","55.1","Molly","Yes","Yes"
"2021-05_Abrolhos_stereo-BRUVs","npz6.6","L031 (04).MP4","1","35.51131","Carcharhinidae","Galeocerdo","cuvier",NA,1,"-28.0837","113.4439","20210512","09:04","NPZ6","No-take","npz6.6","55.1","Molly","Yes","Yes"
"2021-05_Abrolhos_stereo-BRUVs","npz6.6","L031 (04).MP4","1","40.57720","Echeneidae","Echeneis","naucrates",NA,1,"-28.0837","113.4439","20210512","09:04","NPZ6","No-take","npz6.6","55.1","Molly","Yes","Yes"
"2021-05_Abrolhos_stereo-BRUVs","npz6.6","L031 (04).MP4","1","35.51131","Haemulidae","Diagramma","pictum",NA,1,"-28.0837","113.4439","20210512","09:04","NPZ6","No-take","npz6.6","55.1","Molly","Yes","Yes"
"2021-05_Abrolhos_stereo-BRUVs","npz6.6","L031 (02).MP4","1","1.16283","Labridae","Choerodon","rubescens",NA,2,"-28.0837","113.4439","20210512","09:04","NPZ6","No-take","npz6.6","55.1","Molly","Yes","Yes"
"2021-05_Abrolhos_stereo-BRUVs","npz6.6","L031 (03).MP4","1","9.92714","Labridae","Coris","auricularis",NA,48,"-28.0837","113.4439","20210512","09:04","NPZ6","No-take","npz6.6","55.1","Molly","Yes","Yes"
"2021-05_Abrolhos_stereo-BRUVs","npz6.6","L031 (02).MP4","1","0.06423","Labridae",NA,"spp",NA,1,"-28.0837","113.4439","20210512","09:04","NPZ6","No-take","npz6.6","55.1","Molly","Yes","Yes"
"2021-05_Abrolhos_stereo-BRUVs","npz6.6","L031 (04).MP4","1","41.33101","Lethrinidae","Lethrinus","miniatus",NA,10,"-28.0837","113.4439","20210512","09:04","NPZ6","No-take","npz6.6","55.1","Molly","Yes","Yes"
"2021-05_Abrolhos_stereo-BRUVs","npz6.6","L031 (04).MP4","1","35.51131","Lethrinidae","Lethrinus","nebulosus",NA,1,"-28.0837","113.4439","20210512","09:04","NPZ6","No-take","npz6.6","55.1","Molly","Yes","Yes"
"2021-05_Abrolhos_stereo-BRUVs","npz6.6","L031 (02).MP4","1","5.85613","Mullidae","Parupeneus","spilurus",NA,1,"-28.0837","113.4439","20210512","09:04","NPZ6","No-take","npz6.6","55.1","Molly","Yes","Yes"
"2021-05_Abrolhos_stereo-BRUVs","npz6.6","L031 (04).MP4","1","39.48305","Orectolobidae","Orectolobus","hutchinsi",NA,1,"-28.0837","113.4439","20210512","09:04","NPZ6","No-take","npz6.6","55.1","Molly","Yes","Yes"
"2021-05_Abrolhos_stereo-BRUVs","npz6.6","L031 (04).MP4","1","42.60173","Pomacentridae","Chromis","spp",NA,260,"-28.0837","113.4439","20210512","09:04","NPZ6","No-take","npz6.6","55.1","Molly","Yes","Yes"
"2021-05_Abrolhos_stereo-BRUVs","npz6.6","L031 (04).MP4","1","39.97577","Scaridae","Scarus","spp",NA,1,"-28.0837","113.4439","20210512","09:04","NPZ6","No-take","npz6.6","55.1","Molly","Yes","Yes"
"2021-05_Abrolhos_stereo-BRUVs","npz6.8","L033 (10).MP4","1","19.00704","Ariidae","Netuma","thalassina",NA,1,"-28.0688","113.3413","20210512","11:45","NPZ6","No-take","npz6.8","154","Molly","Yes","Yes"
"2021-05_Abrolhos_stereo-BRUVs","npz6.8","L033 (12).MP4","1","51.10133","Carcharhinidae","Carcharhinus","spp",NA,1,"-28.0688","113.3413","20210512","11:45","NPZ6","No-take","npz6.8","154","Molly","Yes","Yes"
"2021-05_Abrolhos_stereo-BRUVs","npz6.8","L033 (10).MP4","1","9.30596","Sphyrnidae","Sphyrna","lewini",NA,1,"-28.0688","113.3413","20210512","11:45","NPZ6","No-take","npz6.8","154","Molly","Yes","Yes"
"2021-05_Abrolhos_stereo-BRUVs","npz6.9","L037 (11).MP4","1","46.03710","Carangidae","Seriola","hippos",NA,1,"-28.0386","113.3814","20210512","11:28","NPZ6","No-take","npz6.9","77.2","Molly","Yes","Yes"
"2021-05_Abrolhos_stereo-BRUVs","npz6.9","L037 (11).MP4","1","36.24287","Labridae","Bodianus","spp",NA,1,"-28.0386","113.3814","20210512","11:28","NPZ6","No-take","npz6.9","77.2","Molly","Yes","Yes"
"2021-05_Abrolhos_stereo-BRUVs","npz6.9","L037 (11).MP4","1","44.27590","Lethrinidae","Lethrinus","miniatus",NA,2,"-28.0386","113.3814","20210512","11:28","NPZ6","No-take","npz6.9","77.2","Molly","Yes","Yes"
"2021-05_Abrolhos_stereo-BRUVs","npz6.9","L037 (11).MP4","1","31.62632","Lethrinidae","Lethrinus","nebulosus",NA,1,"-28.0386","113.3814","20210512","11:28","NPZ6","No-take","npz6.9","77.2","Molly","Yes","Yes"
"2021-05_Abrolhos_stereo-BRUVs","npz6.9","L037 (11).MP4","1","36.42750","Sparidae","Chrysophrys","auratus",NA,18,"-28.0386","113.3814","20210512","11:28","NPZ6","No-take","npz6.9","77.2","Molly","Yes","Yes"
"2021-05_Abrolhos_stereo-BRUVs","npz6.BOSS41","L033 (19).MP4","1","12.90428","Apogonidae","Ostorhinchus","spp",NA,1,"-28.1137","113.3939","20210512","14:57","NPZ6","Fished",NA,"104","Molly","Yes","Yes"
"2021-05_Abrolhos_stereo-BRUVs","npz6.BOSS41","L033 (20).MP4","1","33.31050","Carangidae","Seriola","dumerili",NA,1,"-28.1137","113.3939","20210512","14:57","NPZ6","Fished",NA,"104","Molly","Yes","Yes"
"2021-05_Abrolhos_stereo-BRUVs","npz6.BOSS41","L033 (20).MP4","1","47.19854","Carangidae","Seriola","hippos",NA,2,"-28.1137","113.3939","20210512","14:57","NPZ6","Fished",NA,"104","Molly","Yes","Yes"
"2021-05_Abrolhos_stereo-BRUVs","npz6.BOSS41","L033 (18).MP4","1","0.40429","Labridae","Stethojulis","spp",NA,1,"-28.1137","113.3939","20210512","14:57","NPZ6","Fished",NA,"104","Molly","Yes","Yes"
"2021-05_Abrolhos_stereo-BRUVs","npz6.BOSS41","L033 (19).MP4","1","11.04409","Labridae","Suezichthys","cyanolaemus",NA,1,"-28.1137","113.3939","20210512","14:57","NPZ6","Fished",NA,"104","Molly","Yes","Yes"
"2021-05_Abrolhos_stereo-BRUVs","npz6.BOSS41","L033 (20).MP4","1","46.82038","Muraenidae","Gymnothorax","woodwardi",NA,1,"-28.1137","113.3939","20210512","14:57","NPZ6","Fished",NA,"104","Molly","Yes","Yes"
"2021-05_Abrolhos_stereo-BRUVs","npz6.BOSS41","L033 (20).MP4","1","32.64344","Sparidae","Chrysophrys","auratus",NA,3,"-28.1137","113.3939","20210512","14:57","NPZ6","Fished",NA,"104","Molly","Yes","Yes"
"2021-05_Abrolhos_stereo-BRUVs","npz6.C01","L039 (21).MP4","1","49.64626","Rhinidae","Rhynchobatus","australiae",NA,1,"-28.1078","113.3706","20210512","14:39","NPZ6","Fished",NA,"138","Molly","Yes","Yes"
"2021-05_Abrolhos_stereo-BRUVs","npz6.C01","L039 (21).MP4","1","58.20648","Sparidae","Chrysophrys","auratus",NA,1,"-28.1078","113.3706","20210512","14:39","NPZ6","Fished",NA,"138","Molly","Yes","Yes"
"2021-05_Abrolhos_stereo-BRUVs","npz6.C01","L039 (20).MP4","1","26.39081","Tetraodontidae","Lagocephalus","sceleratus",NA,4,"-28.1078","113.3706","20210512","14:39","NPZ6","Fished",NA,"138","Molly","Yes","Yes"
"2021-05_Abrolhos_stereo-BRUVs","npz6.C01","L039 (19).MP4","1","17.11682","Triakidae","Mustelus","ravidus",NA,1,"-28.1078","113.3706","20210512","14:39","NPZ6","Fished",NA,"138","Molly","Yes","Yes"
"2021-05_Abrolhos_stereo-BRUVs","npz6.C02","L043 (20).MP4","1","39.03344","Tetraodontidae","Lagocephalus","sceleratus",NA,1,"-28.118","113.385","20210512","14:52","NPZ6","Fished",NA,"125","Molly","Yes","Yes"
"2021-05_Abrolhos_stereo-BRUVs","npz9.1","L027 (020).MP4","1","16.98169","Labridae","Bodianus","solatus",NA,1,"-27.0962","113.0863","20210515","13:43","NPZ9","No-take","npz9.1","116","Molly","Yes","Yes"
"2021-05_Abrolhos_stereo-BRUVs","npz9.1","L027 (021).MP4","1","44.62263","Lethrinidae","Lethrinus","miniatus",NA,3,"-27.0962","113.0863","20210515","13:43","NPZ9","No-take","npz9.1","116","Molly","Yes","Yes"
"2021-05_Abrolhos_stereo-BRUVs","npz9.1","L027 (021).MP4","1","35.16541","Lutjanidae","Pristipomoides","multidens",NA,4,"-27.0962","113.0863","20210515","13:43","NPZ9","No-take","npz9.1","116","Molly","Yes","Yes"
"2021-05_Abrolhos_stereo-BRUVs","npz9.1","L027 (022).MP4","1","47.13097","Lutjanidae","Pristipomoides","typus",NA,2,"-27.0962","113.0863","20210515","13:43","NPZ9","No-take","npz9.1","116","Molly","Yes","Yes"
"2021-05_Abrolhos_stereo-BRUVs","npz9.1","L027 (022).MP4","1","47.16851","Muraenidae","Gymnothorax","woodwardi",NA,1,"-27.0962","113.0863","20210515","13:43","NPZ9","No-take","npz9.1","116","Molly","Yes","Yes"
"2021-05_Abrolhos_stereo-BRUVs","npz9.1","L027 (020).MP4","1","10.22160","Serranidae","Epinephelus","areolatus","check",1,"-27.0962","113.0863","20210515","13:43","NPZ9","No-take","npz9.1","116","Molly","Yes","Yes"
"2021-05_Abrolhos_stereo-BRUVs","npz9.1","L027 (021).MP4","1","22.98602","Sparidae","Chrysophrys","auratus",NA,1,"-27.0962","113.0863","20210515","13:43","NPZ9","No-take","npz9.1","116","Molly","Yes","Yes"
"2021-05_Abrolhos_stereo-BRUVs","npz9.10","L033 (014).MP4","1","22.76941","Carangidae","Decapterus","spp",NA,5,"-27.1638","113.1565","20210515","10:36","NPZ9","No-take","npz9.10","93.6","Molly","Yes","Yes"
"2021-05_Abrolhos_stereo-BRUVs","npz9.10","L033 (015).MP4","1","56.58458","Carangidae","Pseudocaranx","spp",NA,2,"-27.1638","113.1565","20210515","10:36","NPZ9","No-take","npz9.10","93.6","Molly","Yes","Yes"
"2021-05_Abrolhos_stereo-BRUVs","npz9.10","L033 (015).MP4","1","56.58458","Carangidae","Seriola","dumerili",NA,6,"-27.1638","113.1565","20210515","10:36","NPZ9","No-take","npz9.10","93.6","Molly","Yes","Yes"
"2021-05_Abrolhos_stereo-BRUVs","npz9.10","L033 (013).MP4","1","1.77789","Gerreidae","Parequula","spp",NA,1,"-27.1638","113.1565","20210515","10:36","NPZ9","No-take","npz9.10","93.6","Molly","Yes","Yes"
"2021-05_Abrolhos_stereo-BRUVs","npz9.10","L033 (013).MP4","1","7.35902","Haemulidae","Diagramma","pictum",NA,1,"-27.1638","113.1565","20210515","10:36","NPZ9","No-take","npz9.10","93.6","Molly","Yes","Yes"
"2021-05_Abrolhos_stereo-BRUVs","npz9.10","L033 (013).MP4","1","6.81486","Labridae","Coris","auricularis",NA,4,"-27.1638","113.1565","20210515","10:36","NPZ9","No-take","npz9.10","93.6","Molly","Yes","Yes"
"2021-05_Abrolhos_stereo-BRUVs","npz9.10","L033 (014).MP4","1","30.80633","Labridae","Stethojulis","spp",NA,2,"-27.1638","113.1565","20210515","10:36","NPZ9","No-take","npz9.10","93.6","Molly","Yes","Yes"
"2021-05_Abrolhos_stereo-BRUVs","npz9.10","L033 (015).MP4","1","49.78724","Lethrinidae","Lethrinus","miniatus",NA,8,"-27.1638","113.1565","20210515","10:36","NPZ9","No-take","npz9.10","93.6","Molly","Yes","Yes"
"2021-05_Abrolhos_stereo-BRUVs","npz9.10","L033 (015).MP4","1","57.91953","Lethrinidae","Lethrinus","nebulosus",NA,1,"-27.1638","113.1565","20210515","10:36","NPZ9","No-take","npz9.10","93.6","Molly","Yes","Yes"
"2021-05_Abrolhos_stereo-BRUVs","npz9.10","L033 (013).MP4","1","10.82470","Nemipteridae","Pentapodus","nagasakiensis",NA,1,"-27.1638","113.1565","20210515","10:36","NPZ9","No-take","npz9.10","93.6","Molly","Yes","Yes"
"2021-05_Abrolhos_stereo-BRUVs","npz9.10","L033 (013).MP4","1","5.37315","Pinguipedidae","Parapercis","nebulosa",NA,2,"-27.1638","113.1565","20210515","10:36","NPZ9","No-take","npz9.10","93.6","Molly","Yes","Yes"
"2021-05_Abrolhos_stereo-BRUVs","npz9.10","L033 (013).MP4","1","11.34105","Sparidae","Chrysophrys","auratus",NA,1,"-27.1638","113.1565","20210515","10:36","NPZ9","No-take","npz9.10","93.6","Molly","Yes","Yes"
"2021-05_Abrolhos_stereo-BRUVs","npz9.11","L039 (07).MP4","1","55.17206","Carangidae","Seriola","hippos",NA,1,"-27.1238","113.1889","20210515","08:46","NPZ9","No-take","npz9.11","85.8","Molly","Yes","Yes"
"2021-05_Abrolhos_stereo-BRUVs","npz9.11","L039 (06).MP4","1","39.70911","Labridae","Coris","auricularis",NA,1,"-27.1238","113.1889","20210515","08:46","NPZ9","No-take","npz9.11","85.8","Molly","Yes","Yes"
"2021-05_Abrolhos_stereo-BRUVs","npz9.11","L039 (06).MP4","1","19.87319","Labridae","Stethojulis","spp",NA,1,"-27.1238","113.1889","20210515","08:46","NPZ9","No-take","npz9.11","85.8","Molly","Yes","Yes"
"2021-05_Abrolhos_stereo-BRUVs","npz9.11","L039 (07).MP4","1","57.68930","Lethrinidae","Lethrinus","miniatus",NA,7,"-27.1238","113.1889","20210515","08:46","NPZ9","No-take","npz9.11","85.8","Molly","Yes","Yes"
"2021-05_Abrolhos_stereo-BRUVs","npz9.12","L031 (05).MP4","1","41.72363","Tetraodontidae","Lagocephalus","sceleratus",NA,1,"-27.1462","113.2039","20210515","08:19","NPZ9","No-take","npz9.12","92.2","Molly","Yes","Yes"
"2021-05_Abrolhos_stereo-BRUVs","npz9.13","L031 (019).MP4","1","9.41079","Apogonidae","Ostorhinchus","spp",NA,7,"-27.1113","113.1038","20210515","13:27","NPZ9","No-take","npz9.13","109","Molly","Yes","Yes"
"2021-05_Abrolhos_stereo-BRUVs","npz9.13","L031 (021).MP4","1","56.92687","Carangidae","Seriola","hippos",NA,1,"-27.1113","113.1038","20210515","13:27","NPZ9","No-take","npz9.13","109","Molly","Yes","Yes"
"2021-05_Abrolhos_stereo-BRUVs","npz9.13","L031 (019).MP4","1","6.83794","Carcharhinidae","Carcharhinus","plumbeus",NA,1,"-27.1113","113.1038","20210515","13:27","NPZ9","No-take","npz9.13","109","Molly","Yes","Yes"
"2021-05_Abrolhos_stereo-BRUVs","npz9.13","L031 (020).MP4","1","39.73330","Gerreidae","Parequula","spp",NA,2,"-27.1113","113.1038","20210515","13:27","NPZ9","No-take","npz9.13","109","Molly","Yes","Yes"
"2021-05_Abrolhos_stereo-BRUVs","npz9.13","L031 (019).MP4","1","4.19669","Labridae","Coris","auricularis",NA,3,"-27.1113","113.1038","20210515","13:27","NPZ9","No-take","npz9.13","109","Molly","Yes","Yes"
"2021-05_Abrolhos_stereo-BRUVs","npz9.13","L031 (019).MP4","1","7.33038","Labridae","Stethojulis","spp",NA,1,"-27.1113","113.1038","20210515","13:27","NPZ9","No-take","npz9.13","109","Molly","Yes","Yes"
"2021-05_Abrolhos_stereo-BRUVs","npz9.13","L031 (019).MP4","1","17.50693","Labridae","Suezichthys","cyanolaemus",NA,1,"-27.1113","113.1038","20210515","13:27","NPZ9","No-take","npz9.13","109","Molly","Yes","Yes"
"2021-05_Abrolhos_stereo-BRUVs","npz9.13","L031 (020).MP4","1","29.39270","Muraenidae","Gymnothorax","woodwardi",NA,2,"-27.1113","113.1038","20210515","13:27","NPZ9","No-take","npz9.13","109","Molly","Yes","Yes"
"2021-05_Abrolhos_stereo-BRUVs","npz9.13","L031 (020).MP4","1","24.22420","Pinguipedidae","Parapercis","nebulosa",NA,2,"-27.1113","113.1038","20210515","13:27","NPZ9","No-take","npz9.13","109","Molly","Yes","Yes"
"2021-05_Abrolhos_stereo-BRUVs","npz9.13","L031 (021).MP4","1","59.45245","Serranidae","Epinephelus","areolatus",NA,1,"-27.1113","113.1038","20210515","13:27","NPZ9","No-take","npz9.13","109","Molly","Yes","Yes"
"2021-05_Abrolhos_stereo-BRUVs","npz9.16","L033 (22).MP4","1","45.85637","Labridae","Bodianus","solatus",NA,1,"-27.1187","113.109","20210515","13:16","NPZ9","No-take","npz9.16","108","Molly","Yes","Yes"
"2021-05_Abrolhos_stereo-BRUVs","npz9.16","L033 (22).MP4","1","47.54861","Labridae","Stethojulis","spp",NA,1,"-27.1187","113.109","20210515","13:16","NPZ9","No-take","npz9.16","108","Molly","Yes","Yes"
"2021-05_Abrolhos_stereo-BRUVs","npz9.16","L033 (22).MP4","1","53.02047","Lethrinidae","Gymnocranius","spp",NA,1,"-27.1187","113.109","20210515","13:16","NPZ9","No-take","npz9.16","108","Molly","Yes","Yes"
"2021-05_Abrolhos_stereo-BRUVs","npz9.16","L033 (23).MP4","1","59.71354","Lethrinidae","Lethrinus","miniatus",NA,1,"-27.1187","113.109","20210515","13:16","NPZ9","No-take","npz9.16","108","Molly","Yes","Yes"
"2021-05_Abrolhos_stereo-BRUVs","npz9.16","L033 (22).MP4","1","52.73685","Lutjanidae","Pristipomoides","typus",NA,1,"-27.1187","113.109","20210515","13:16","NPZ9","No-take","npz9.16","108","Molly","Yes","Yes"
"2021-05_Abrolhos_stereo-BRUVs","npz9.16","L033 (20).MP4","1","5.99098","Pinguipedidae","Parapercis","nebulosa",NA,1,"-27.1187","113.109","20210515","13:16","NPZ9","No-take","npz9.16","108","Molly","Yes","Yes"
"2021-05_Abrolhos_stereo-BRUVs","npz9.16","L033 (20).MP4","1","4.97052","Sparidae","Chrysophrys","auratus",NA,1,"-27.1187","113.109","20210515","13:16","NPZ9","No-take","npz9.16","108","Molly","Yes","Yes"
"2021-05_Abrolhos_stereo-BRUVs","npz9.17","L029 (021).MP4","1","57.26832","Carangidae","Seriola","hippos",NA,2,"-27.1012","113.0913","20210515","13:37","NPZ9","No-take","npz9.17","114","Molly","Yes","Yes"
"2021-05_Abrolhos_stereo-BRUVs","npz9.17","L029 (019).MP4","1","12.98937","Labridae","Bodianus","vulpinus",NA,1,"-27.1012","113.0913","20210515","13:37","NPZ9","No-take","npz9.17","114","Molly","Yes","Yes"
"2021-05_Abrolhos_stereo-BRUVs","npz9.17","L029 (021).MP4","1","43.33941","Lethrinidae","Lethrinus","miniatus",NA,4,"-27.1012","113.0913","20210515","13:37","NPZ9","No-take","npz9.17","114","Molly","Yes","Yes"
"2021-05_Abrolhos_stereo-BRUVs","npz9.17","L029 (020).MP4","1","38.20011","Lutjanidae","Pristipomoides","multidens",NA,4,"-27.1012","113.0913","20210515","13:37","NPZ9","No-take","npz9.17","114","Molly","Yes","Yes"
"2021-05_Abrolhos_stereo-BRUVs","npz9.17","L029 (020).MP4","1","26.54012","Muraenidae","Gymnothorax","woodwardi",NA,1,"-27.1012","113.0913","20210515","13:37","NPZ9","No-take","npz9.17","114","Molly","Yes","Yes"
"2021-05_Abrolhos_stereo-BRUVs","npz9.17","L029 (019).MP4","1","1.37665","Pinguipedidae","Parapercis","nebulosa",NA,1,"-27.1012","113.0913","20210515","13:37","NPZ9","No-take","npz9.17","114","Molly","Yes","Yes"
"2021-05_Abrolhos_stereo-BRUVs","npz9.17","L029 (020).MP4","1","26.31879","Serranidae","Epinephelus","areolatus",NA,3,"-27.1012","113.0913","20210515","13:37","NPZ9","No-take","npz9.17","114","Molly","Yes","Yes"
"2021-05_Abrolhos_stereo-BRUVs","npz9.17","L029 (020).MP4","1","34.14606","Serranidae","Epinephelus","morrhua",NA,1,"-27.1012","113.0913","20210515","13:37","NPZ9","No-take","npz9.17","114","Molly","Yes","Yes"
"2021-05_Abrolhos_stereo-BRUVs","npz9.17","L029 (019).MP4","1","10.53441","Sparidae","Chrysophrys","auratus",NA,1,"-27.1012","113.0913","20210515","13:37","NPZ9","No-take","npz9.17","114","Molly","Yes","Yes"
"2021-05_Abrolhos_stereo-BRUVs","npz9.18","L039 (022).MP4","1","57.07619","Lutjanidae","Pristipomoides","multidens",NA,2,"-27.1236","113.0664","20210515","14:08","NPZ9","No-take","npz9.18","132","Molly","Yes","Yes"
"2021-05_Abrolhos_stereo-BRUVs","npz9.18","L039 (022).MP4","1","39.98439","Monacanthidae","Nelusetta","ayraud",NA,2,"-27.1236","113.0664","20210515","14:08","NPZ9","No-take","npz9.18","132","Molly","Yes","Yes"
"2021-05_Abrolhos_stereo-BRUVs","npz9.18","L039 (023).MP4","1","58.24179","Sparidae","Chrysophrys","auratus",NA,3,"-27.1236","113.0664","20210515","14:08","NPZ9","No-take","npz9.18","132","Molly","Yes","Yes"
"2021-05_Abrolhos_stereo-BRUVs","npz9.18","L039 (022).MP4","1","39.46776","Tetraodontidae","Lagocephalus","sceleratus",NA,1,"-27.1236","113.0664","20210515","14:08","NPZ9","No-take","npz9.18","132","Molly","Yes","Yes"
"2021-05_Abrolhos_stereo-BRUVs","npz9.18","L039 (022).MP4","1","37.92622","Triakidae","Mustelus","ravidus",NA,1,"-27.1236","113.0664","20210515","14:08","NPZ9","No-take","npz9.18","132","Molly","Yes","Yes"
"2021-05_Abrolhos_stereo-BRUVs","npz9.19","R042 (05).MP4","1","15.51522","Lethrinidae","Gymnocranius","grandoculis",NA,1,"-27.1539","113.1764","20210515","08:58","NPZ9","No-take","npz9.19","87.1","Molly","Yes","No"
"2021-05_Abrolhos_stereo-BRUVs","npz9.19","R042 (06).MP4","1","18.39282","Lethrinidae","Lethrinus","miniatus",NA,3,"-27.1539","113.1764","20210515","08:58","NPZ9","No-take","npz9.19","87.1","Molly","Yes","No"
"2021-05_Abrolhos_stereo-BRUVs","npz9.19","R042 (06).MP4","1","29.12187","Sparidae","Chrysophrys","auratus",NA,2,"-27.1539","113.1764","20210515","08:58","NPZ9","No-take","npz9.19","87.1","Molly","Yes","No"
"2021-05_Abrolhos_stereo-BRUVs","npz9.2","L031 (011).MP4","1","9.81620","Lethrinidae","Gymnocranius","grandoculis",NA,1,"-27.1411","113.1465","20210515","10:52","NPZ9","No-take","npz9.2","92.1","Molly","Yes","Yes"
"2021-05_Abrolhos_stereo-BRUVs","npz9.2","L031 (013).MP4","1","51.83484","Sparidae","Chrysophrys","auratus",NA,1,"-27.1411","113.1465","20210515","10:52","NPZ9","No-take","npz9.2","92.1","Molly","Yes","Yes"
"2021-05_Abrolhos_stereo-BRUVs","npz9.2","L031 (012).MP4","1","19.54814","Tetraodontidae","Lagocephalus","sceleratus",NA,1,"-27.1411","113.1465","20210515","10:52","NPZ9","No-take","npz9.2","92.1","Molly","Yes","Yes"
"2021-05_Abrolhos_stereo-BRUVs","npz9.21","L035 (012).MP4","1","3.98593","Carangidae","Seriola","dumerili",NA,3,"-27.1362","113.1014","20210515","11:26","NPZ9","No-take","npz9.21","122","Molly","Yes","Yes"
"2021-05_Abrolhos_stereo-BRUVs","npz9.21","L035 (013).MP4","1","36.47255","Lethrinidae","Lethrinus","miniatus",NA,1,"-27.1362","113.1014","20210515","11:26","NPZ9","No-take","npz9.21","122","Molly","Yes","Yes"
"2021-05_Abrolhos_stereo-BRUVs","npz9.21","L035 (014).MP4","1","46.27540","Lutjanidae","Pristipomoides","multidens",NA,6,"-27.1362","113.1014","20210515","11:26","NPZ9","No-take","npz9.21","122","Molly","Yes","Yes"
"2021-05_Abrolhos_stereo-BRUVs","npz9.21","L035 (012).MP4","1","10.40345","Muraenidae","Gymnothorax","woodwardi",NA,1,"-27.1362","113.1014","20210515","11:26","NPZ9","No-take","npz9.21","122","Molly","Yes","Yes"
"2021-05_Abrolhos_stereo-BRUVs","npz9.21","L035 (013).MP4","1","36.31044","Sparidae","Chrysophrys","auratus",NA,1,"-27.1362","113.1014","20210515","11:26","NPZ9","No-take","npz9.21","122","Molly","Yes","Yes"
"2021-05_Abrolhos_stereo-BRUVs","npz9.22","L037 (012).MP4","1","11.14141","Carcharhinidae","Galeocerdo","cuvier",NA,1,"-27.1537","113.1413","20210515","10:34","NPZ9","No-take","npz9.22","102","Molly","Yes","Yes"
"2021-05_Abrolhos_stereo-BRUVs","npz9.22","L037 (014).MP4","1","56.36409","Lethrinidae","Lethrinus","miniatus",NA,1,"-27.1537","113.1413","20210515","10:34","NPZ9","No-take","npz9.22","102","Molly","Yes","Yes"
"2021-05_Abrolhos_stereo-BRUVs","npz9.22","L037 (013).MP4","1","40.08810","Lutjanidae","Pristipomoides","multidens",NA,1,"-27.1537","113.1413","20210515","10:34","NPZ9","No-take","npz9.22","102","Molly","Yes","Yes"
"2021-05_Abrolhos_stereo-BRUVs","npz9.22","L037 (012).MP4","1","11.14141","Unknown","Unknown","unknown",NA,1,"-27.1537","113.1413","20210515","10:34","NPZ9","No-take","npz9.22","102","Molly","Yes","Yes"
"2021-05_Abrolhos_stereo-BRUVs","npz9.22","L037 (012).MP4","1","13.21848","Unknown","Unknown","Unknown",NA,2,"-27.1537","113.1413","20210515","10:34","NPZ9","No-take","npz9.22","102","Molly","Yes","Yes"
"2021-05_Abrolhos_stereo-BRUVs","npz9.25","L035 (022).MP4","1","53.82683","Lutjanidae","Pristipomoides","multidens",NA,4,"-27.1462","113.074","20210515","14:17","NPZ9","No-take","npz9.25","133","Molly","Yes","Yes"
"2021-05_Abrolhos_stereo-BRUVs","npz9.25","L035 (021).MP4","1","12.66849","Muraenidae","Gymnothorax","woodwardi",NA,1,"-27.1462","113.074","20210515","14:17","NPZ9","No-take","npz9.25","133","Molly","Yes","Yes"
"2021-05_Abrolhos_stereo-BRUVs","npz9.25","L035 (021).MP4","1","18.42897","Sparidae","Chrysophrys","auratus",NA,5,"-27.1462","113.074","20210515","14:17","NPZ9","No-take","npz9.25","133","Molly","Yes","Yes"
"2021-05_Abrolhos_stereo-BRUVs","npz9.25","L035 (020).MP4","1","6.42586","Tetraodontidae","Lagocephalus","sceleratus",NA,1,"-27.1462","113.074","20210515","14:17","NPZ9","No-take","npz9.25","133","Molly","Yes","Yes"
"2021-05_Abrolhos_stereo-BRUVs","npz9.25","L035 (022).MP4","1","36.09578","Triakidae","Hemitriakis","falcata",NA,1,"-27.1462","113.074","20210515","14:17","NPZ9","No-take","npz9.25","133","Molly","Yes","Yes"
"2021-05_Abrolhos_stereo-BRUVs","npz9.26","L037 (04).MP4","1","16.39860","Carangidae","Decapterus","spp",NA,1,"-27.1437","113.2139","20210515","08:14","NPZ9","No-take","npz9.26","90.9","Molly","Yes","Yes"
"2021-05_Abrolhos_stereo-BRUVs","npz9.26","L037 (06).MP4","1","53.60049","Haemulidae","Diagramma","pictum",NA,2,"-27.1437","113.2139","20210515","08:14","NPZ9","No-take","npz9.26","90.9","Molly","Yes","Yes"
"2021-05_Abrolhos_stereo-BRUVs","npz9.26","L037 (05).MP4","1","44.38239","Lethrinidae","Lethrinus","miniatus",NA,8,"-27.1437","113.2139","20210515","08:14","NPZ9","No-take","npz9.26","90.9","Molly","Yes","Yes"
"2021-05_Abrolhos_stereo-BRUVs","npz9.26","L037 (06).MP4","1","53.10055","Muraenidae","Gymnothorax","woodwardi",NA,1,"-27.1437","113.2139","20210515","08:14","NPZ9","No-take","npz9.26","90.9","Molly","Yes","Yes"
"2021-05_Abrolhos_stereo-BRUVs","npz9.26","L037 (03).MP4","1","1.63274","Pinguipedidae","Parapercis","nebulosa",NA,1,"-27.1437","113.2139","20210515","08:14","NPZ9","No-take","npz9.26","90.9","Molly","Yes","Yes"
"2021-05_Abrolhos_stereo-BRUVs","npz9.26","L037 (05).MP4","1","36.58349","Sparidae","Chrysophrys","auratus",NA,3,"-27.1437","113.2139","20210515","08:14","NPZ9","No-take","npz9.26","90.9","Molly","Yes","Yes"
"2021-05_Abrolhos_stereo-BRUVs","npz9.26","L037 (05).MP4","1","42.35009","Triakidae","Hemitriakis","falcata","check",1,"-27.1437","113.2139","20210515","08:14","NPZ9","No-take","npz9.26","90.9","Molly","Yes","Yes"
"2021-05_Abrolhos_stereo-BRUVs","npz9.27","L037 (021).MP4","1","44.15633","Carangidae","Seriola","dumerili",NA,2,"-27.1164","113.1014","20210515","13:21","NPZ9","No-take","npz9.27","114","Molly","Yes","Yes"
"2021-05_Abrolhos_stereo-BRUVs","npz9.27","L037 (021).MP4","1","42.47688","Labridae","Bodianus","solatus",NA,1,"-27.1164","113.1014","20210515","13:21","NPZ9","No-take","npz9.27","114","Molly","Yes","Yes"
"2021-05_Abrolhos_stereo-BRUVs","npz9.27","L037 (021).MP4","1","37.93707","Lethrinidae","Lethrinus","miniatus",NA,2,"-27.1164","113.1014","20210515","13:21","NPZ9","No-take","npz9.27","114","Molly","Yes","Yes"
"2021-05_Abrolhos_stereo-BRUVs","npz9.27","L037 (020).MP4","1","34.04179","Lutjanidae","Pristipomoides","multidens",NA,5,"-27.1164","113.1014","20210515","13:21","NPZ9","No-take","npz9.27","114","Molly","Yes","Yes"
"2021-05_Abrolhos_stereo-BRUVs","npz9.27","L037 (020).MP4","1","32.98935","Lutjanidae","Pristipomoides","typus",NA,4,"-27.1164","113.1014","20210515","13:21","NPZ9","No-take","npz9.27","114","Molly","Yes","Yes"
"2021-05_Abrolhos_stereo-BRUVs","npz9.27","L037 (021).MP4","1","48.49539","Monacanthidae","Eubalichthys","caeruleoguttatus",NA,1,"-27.1164","113.1014","20210515","13:21","NPZ9","No-take","npz9.27","114","Molly","Yes","Yes"
"2021-05_Abrolhos_stereo-BRUVs","npz9.27","L037 (020).MP4","1","37.07287","Muraenidae","Gymnothorax","woodwardi",NA,1,"-27.1164","113.1014","20210515","13:21","NPZ9","No-take","npz9.27","114","Molly","Yes","Yes"
"2021-05_Abrolhos_stereo-BRUVs","npz9.27","L037 (020).MP4","1","19.76502","Serranidae","Epinephelus","areolatus",NA,2,"-27.1164","113.1014","20210515","13:21","NPZ9","No-take","npz9.27","114","Molly","Yes","Yes"
"2021-05_Abrolhos_stereo-BRUVs","npz9.27","L037 (021).MP4","1","48.49539","Sparidae","Chrysophrys","auratus",NA,10,"-27.1164","113.1014","20210515","13:21","NPZ9","No-take","npz9.27","114","Molly","Yes","Yes"
"2021-05_Abrolhos_stereo-BRUVs","npz9.28","L043 (021).MP4","1","22.05759","Lutjanidae","Pristipomoides","multidens",NA,2,"-27.1013","113.0538","20210515","13:57","NPZ9","No-take","npz9.28","132","Molly","Yes","Yes"
"2021-05_Abrolhos_stereo-BRUVs","npz9.28","L043 (020).MP4","1","14.42219","Pinguipedidae","Parapercis","spp",NA,1,"-27.1013","113.0538","20210515","13:57","NPZ9","No-take","npz9.28","132","Molly","Yes","Yes"
"2021-05_Abrolhos_stereo-BRUVs","npz9.28","L043 (022).MP4","1","42.67958","Sparidae","Chrysophrys","auratus",NA,2,"-27.1013","113.0538","20210515","13:57","NPZ9","No-take","npz9.28","132","Molly","Yes","Yes"
"2021-05_Abrolhos_stereo-BRUVs","npz9.28","L043 (021).MP4","1","16.50093","Unknown","Unknown","Unknown","check",1,"-27.1013","113.0538","20210515","13:57","NPZ9","No-take","npz9.28","132","Molly","Yes","Yes"
"2021-05_Abrolhos_stereo-BRUVs","npz9.29","L029 (05).MP4","1","29.94130","Carangidae","Decapterus","muroadsi",NA,1,"-27.1313","113.2089","20210515","08:27","NPZ9","No-take","npz9.29","96.7","Molly","Yes","Yes"
"2021-05_Abrolhos_stereo-BRUVs","npz9.29","L029 (06).MP4","1","47.00724","Carangidae","Pseudocaranx","spp","check",2,"-27.1313","113.2089","20210515","08:27","NPZ9","No-take","npz9.29","96.7","Molly","Yes","Yes"
"2021-05_Abrolhos_stereo-BRUVs","npz9.29","L029 (06).MP4","1","53.62023","Lethrinidae","Lethrinus","nebulosus",NA,1,"-27.1313","113.2089","20210515","08:27","NPZ9","No-take","npz9.29","96.7","Molly","Yes","Yes"
"2021-05_Abrolhos_stereo-BRUVs","npz9.29","L029 (06).MP4","1","51.81955","Sparidae","Chrysophrys","auratus",NA,23,"-27.1313","113.2089","20210515","08:27","NPZ9","No-take","npz9.29","96.7","Molly","Yes","Yes"
"2021-05_Abrolhos_stereo-BRUVs","npz9.3","L027 (012).MP4","1","1.74786","Gerreidae","Parequula","spp",NA,1,"-27.1312","113.1239","20210515","11:04","NPZ9","No-take","npz9.3","104","Molly","Yes","Yes"
"2021-05_Abrolhos_stereo-BRUVs","npz9.3","L027 (013).MP4","1","38.35526","Labridae","Coris","auricularis",NA,3,"-27.1312","113.1239","20210515","11:04","NPZ9","No-take","npz9.3","104","Molly","Yes","Yes"
"2021-05_Abrolhos_stereo-BRUVs","npz9.3","L027 (012).MP4","1","12.02785","Lethrinidae","Gymnocranius","grandoculis","check",1,"-27.1312","113.1239","20210515","11:04","NPZ9","No-take","npz9.3","104","Molly","Yes","Yes"
"2021-05_Abrolhos_stereo-BRUVs","npz9.3","L027 (014).MP4","1","52.71961","Lethrinidae","Lethrinus","miniatus",NA,1,"-27.1312","113.1239","20210515","11:04","NPZ9","No-take","npz9.3","104","Molly","Yes","Yes"
"2021-05_Abrolhos_stereo-BRUVs","npz9.3","L027 (012).MP4","1","11.35134","Muraenidae","Gymnothorax","woodwardi",NA,1,"-27.1312","113.1239","20210515","11:04","NPZ9","No-take","npz9.3","104","Molly","Yes","Yes"
"2021-05_Abrolhos_stereo-BRUVs","npz9.3","L027 (013).MP4","1","22.03396","Tetraodontidae","Lagocephalus","sceleratus",NA,1,"-27.1312","113.1239","20210515","11:04","NPZ9","No-take","npz9.3","104","Molly","Yes","Yes"
"2021-05_Abrolhos_stereo-BRUVs","npz9.30","L043 (06).MP4","1","20.15069","Carangidae","Seriola","dumerili",NA,1,"-27.1187","113.1864","20210515","08:43","NPZ9","No-take","npz9.30","90.3","Molly","Yes","Yes"
"2021-05_Abrolhos_stereo-BRUVs","npz9.30","L043 (06).MP4","1","19.57539","Glaucosomatidae","Glaucosoma","buergeri",NA,2,"-27.1187","113.1864","20210515","08:43","NPZ9","No-take","npz9.30","90.3","Molly","Yes","Yes"
"2021-05_Abrolhos_stereo-BRUVs","npz9.30","L043 (06).MP4","1","28.28381","Lethrinidae","Lethrinus","miniatus",NA,3,"-27.1187","113.1864","20210515","08:43","NPZ9","No-take","npz9.30","90.3","Molly","Yes","Yes"
"2021-05_Abrolhos_stereo-BRUVs","npz9.30","L043 (06).MP4","1","27.11709","Lethrinidae","Lethrinus","nebulosus",NA,1,"-27.1187","113.1864","20210515","08:43","NPZ9","No-take","npz9.30","90.3","Molly","Yes","Yes"
"2021-05_Abrolhos_stereo-BRUVs","npz9.30","L043 (05).MP4","1","6.62050","Pinguipedidae","Parapercis","nebulosa",NA,1,"-27.1187","113.1864","20210515","08:43","NPZ9","No-take","npz9.30","90.3","Molly","Yes","Yes"
"2021-05_Abrolhos_stereo-BRUVs","npz9.30","L043 (06).MP4","1","16.29155","Unknown","Unknown","Unknown",NA,3,"-27.1187","113.1864","20210515","08:43","NPZ9","No-take","npz9.30","90.3","Molly","Yes","Yes"
"2021-05_Abrolhos_stereo-BRUVs","npz9.4","R042 (014).MP4","1","25.54385","Carangidae","Seriola","dumerili",NA,1,"-27.1163","113.1139","20210515","13:11","NPZ9","No-take","npz9.4","104","Molly","Yes","No"
"2021-05_Abrolhos_stereo-BRUVs","npz9.4","R042 (014).MP4","1","21.21536","Carcharhinidae","Carcharhinus","plumbeus",NA,1,"-27.1163","113.1139","20210515","13:11","NPZ9","No-take","npz9.4","104","Molly","Yes","No"
"2021-05_Abrolhos_stereo-BRUVs","npz9.4","R042 (014).MP4","1","31.15168","Lethrinidae","Lethrinus","miniatus",NA,1,"-27.1163","113.1139","20210515","13:11","NPZ9","No-take","npz9.4","104","Molly","Yes","No"
"2021-05_Abrolhos_stereo-BRUVs","npz9.4","R042 (013).MP4","1","6.55155","Unknown","Unknown","Unknown",NA,1,"-27.1163","113.1139","20210515","13:11","NPZ9","No-take","npz9.4","104","Molly","Yes","No"
"2021-05_Abrolhos_stereo-BRUVs","npz9.5","L033 (06).MP4","1","22.78137","Apogonidae","Ostorhinchus","spp",NA,1,"-27.151","113.214","20210515","08:09","NPZ9","No-take","npz9.5","87.8","Molly","Yes","Yes"
"2021-05_Abrolhos_stereo-BRUVs","npz9.5","L033 (05).MP4","1","14.18000","Chaetodontidae","Chaetodon","assarius",NA,51,"-27.151","113.214","20210515","08:09","NPZ9","No-take","npz9.5","87.8","Molly","Yes","Yes"
"2021-05_Abrolhos_stereo-BRUVs","npz9.5","L033 (05).MP4","1","11.78983","Labridae","Bodianus","bilunulatus",NA,1,"-27.151","113.214","20210515","08:09","NPZ9","No-take","npz9.5","87.8","Molly","Yes","Yes"
"2021-05_Abrolhos_stereo-BRUVs","npz9.5","L033 (05).MP4","1","7.63096","Labridae","Bodianus","solatus",NA,2,"-27.151","113.214","20210515","08:09","NPZ9","No-take","npz9.5","87.8","Molly","Yes","Yes"
"2021-05_Abrolhos_stereo-BRUVs","npz9.5","L033 (05).MP4","1","14.04236","Labridae","Coris","auricularis",NA,3,"-27.151","113.214","20210515","08:09","NPZ9","No-take","npz9.5","87.8","Molly","Yes","Yes"
"2021-05_Abrolhos_stereo-BRUVs","npz9.5","L033 (06).MP4","1","40.34058","Lethrinidae","Lethrinus","miniatus",NA,2,"-27.151","113.214","20210515","08:09","NPZ9","No-take","npz9.5","87.8","Molly","Yes","Yes"
"2021-05_Abrolhos_stereo-BRUVs","npz9.5","L033 (05).MP4","1","10.78550","Lethrinidae","Lethrinus","nebulosus",NA,1,"-27.151","113.214","20210515","08:09","NPZ9","No-take","npz9.5","87.8","Molly","Yes","Yes"
"2021-05_Abrolhos_stereo-BRUVs","npz9.5","L033 (06).MP4","1","27.34676","Mullidae","Parupeneus","chrysopleuron",NA,1,"-27.151","113.214","20210515","08:09","NPZ9","No-take","npz9.5","87.8","Molly","Yes","Yes"
"2021-05_Abrolhos_stereo-BRUVs","npz9.5","L033 (05).MP4","1","13.57856","Mullidae","Parupeneus","spilurus",NA,4,"-27.151","113.214","20210515","08:09","NPZ9","No-take","npz9.5","87.8","Molly","Yes","Yes"
"2021-05_Abrolhos_stereo-BRUVs","npz9.5","L033 (06).MP4","1","27.20718","Muraenidae","Gymnothorax","nudivomer",NA,1,"-27.151","113.214","20210515","08:09","NPZ9","No-take","npz9.5","87.8","Molly","Yes","Yes"
"2021-05_Abrolhos_stereo-BRUVs","npz9.5","L033 (05).MP4","1","13.85912","Muraenidae","Gymnothorax","thrysoideus",NA,1,"-27.151","113.214","20210515","08:09","NPZ9","No-take","npz9.5","87.8","Molly","Yes","Yes"
"2021-05_Abrolhos_stereo-BRUVs","npz9.5","L033 (06).MP4","1","23.22292","Muraenidae","Gymnothorax","woodwardi",NA,2,"-27.151","113.214","20210515","08:09","NPZ9","No-take","npz9.5","87.8","Molly","Yes","Yes"
"2021-05_Abrolhos_stereo-BRUVs","npz9.5","L033 (07).MP4","1","48.78262","Pomacentridae","Chromis","spp",NA,20,"-27.151","113.214","20210515","08:09","NPZ9","No-take","npz9.5","87.8","Molly","Yes","Yes"
"2021-05_Abrolhos_stereo-BRUVs","npz9.5","L033 (07).MP4","1","50.24297","Scaridae","Scarus","sp3",NA,1,"-27.151","113.214","20210515","08:09","NPZ9","No-take","npz9.5","87.8","Molly","Yes","Yes"
"2021-05_Abrolhos_stereo-BRUVs","npz9.5","L033 (05).MP4","1","18.57244","Sparidae","Chrysophrys","auratus",NA,1,"-27.151","113.214","20210515","08:09","NPZ9","No-take","npz9.5","87.8","Molly","Yes","Yes"
"2021-05_Abrolhos_stereo-BRUVs","npz9.7","L027 (07).MP4","1","44.93489","Carcharhinidae","Carcharhinus","plumbeus",NA,1,"-27.1162","113.1964","20210515","08:37","NPZ9","No-take","npz9.7","97.2","Molly","Yes","Yes"
"2021-05_Abrolhos_stereo-BRUVs","npz9.7","L027 (07).MP4","1","44.90458","Sparidae","Pagrus","auratus",NA,9,"-27.1162","113.1964","20210515","08:37","NPZ9","No-take","npz9.7","97.2","Molly","Yes","Yes"
"2021-05_Abrolhos_stereo-BRUVs","npz9.7","L027 (06).MP4","1","23.93030","Tetraodontidae","Lagocephalus","sceleratus",NA,1,"-27.1162","113.1964","20210515","08:37","NPZ9","No-take","npz9.7","97.2","Molly","Yes","Yes"
"2021-05_Abrolhos_stereo-BRUVs","npz9.7","L027 (06).MP4","1","23.17176","Tetraodontidae","Torquigener","pallimaculatus","check",2,"-27.1162","113.1964","20210515","08:37","NPZ9","No-take","npz9.7","97.2","Molly","Yes","Yes"
"2021-05_Abrolhos_stereo-BRUVs","npz9.8","L043 (011).MP4","1","0.59059","Carangidae","Pseudocaranx","spp",NA,9,"-27.1261","113.1189","20210515","11:08","NPZ9","No-take","npz9.8","105","Molly","Yes","Yes"
"2021-05_Abrolhos_stereo-BRUVs","npz9.8","L043 (014).MP4","1","49.77167","Carangidae","Seriola","dumerili",NA,4,"-27.1261","113.1189","20210515","11:08","NPZ9","No-take","npz9.8","105","Molly","Yes","Yes"
"2021-05_Abrolhos_stereo-BRUVs","npz9.8","L043 (014).MP4","1","51.07074","Carcharhinidae","Carcharhinus","plumbeus",NA,1,"-27.1261","113.1189","20210515","11:08","NPZ9","No-take","npz9.8","105","Molly","Yes","Yes"
"2021-05_Abrolhos_stereo-BRUVs","npz9.8","L043 (012).MP4","1","3.88722","Glaucosomatidae","Glaucosoma","buergeri",NA,1,"-27.1261","113.1189","20210515","11:08","NPZ9","No-take","npz9.8","105","Molly","Yes","Yes"
"2021-05_Abrolhos_stereo-BRUVs","npz9.8","L043 (012).MP4","1","4.16916","Labridae","Bodianus","solatus",NA,1,"-27.1261","113.1189","20210515","11:08","NPZ9","No-take","npz9.8","105","Molly","Yes","Yes"
"2021-05_Abrolhos_stereo-BRUVs","npz9.8","L043 (014).MP4","1","53.82488","Lethrinidae","Gymnocranius","grandoculis",NA,1,"-27.1261","113.1189","20210515","11:08","NPZ9","No-take","npz9.8","105","Molly","Yes","Yes"
"2021-05_Abrolhos_stereo-BRUVs","npz9.8","L043 (012).MP4","1","22.57533","Lethrinidae","Lethrinus","miniatus",NA,2,"-27.1261","113.1189","20210515","11:08","NPZ9","No-take","npz9.8","105","Molly","Yes","Yes"
"2021-05_Abrolhos_stereo-BRUVs","npz9.8","L043 (012).MP4","1","12.24473","Sparidae","Chrysophrys","auratus",NA,5,"-27.1261","113.1189","20210515","11:08","NPZ9","No-take","npz9.8","105","Molly","Yes","Yes"
"2021-05_Abrolhos_stereo-BRUVs","npz9.8","L043 (014).MP4","1","51.07074","Unknown","Unknown","unknown",NA,3,"-27.1261","113.1189","20210515","11:08","NPZ9","No-take","npz9.8","105","Molly","Yes","Yes"
"2021-05_Abrolhos_stereo-BRUVs","npz9.9","L035 (07).MP4","1","45.35531","Carangidae","Seriola","hippos","double check",1,"-27.1288","113.1888","20210515","08:48","NPZ9","No-take","npz9.9","82.1","Molly","Yes","Yes"
"2021-05_Abrolhos_stereo-BRUVs","npz9.9","L035 (07).MP4","1","49.36431","Dasyatidae","Taeniurops","meyeni",NA,1,"-27.1288","113.1888","20210515","08:48","NPZ9","No-take","npz9.9","82.1","Molly","Yes","Yes"
"2021-05_Abrolhos_stereo-BRUVs","npz9.9","L035 (06).MP4","1","23.89943","Labridae","Stethojulis","spp",NA,2,"-27.1288","113.1888","20210515","08:48","NPZ9","No-take","npz9.9","82.1","Molly","Yes","Yes"
"2021-05_Abrolhos_stereo-BRUVs","npz9.9","L035 (05).MP4","1","9.96746","Lethrinidae","Lethrinus","miniatus",NA,1,"-27.1288","113.1888","20210515","08:48","NPZ9","No-take","npz9.9","82.1","Molly","Yes","Yes"
"2021-05_Abrolhos_stereo-BRUVs","npz9.9","L035 (06).MP4","1","34.54006","Nemipteridae","Pentapodus","nagasakiensis",NA,1,"-27.1288","113.1888","20210515","08:48","NPZ9","No-take","npz9.9","82.1","Molly","Yes","Yes"
"2021-05_Abrolhos_stereo-BRUVs","npz9.9","L035 (07).MP4","1","49.36431","Rachycentridae","Rachycentron","canadum",NA,1,"-27.1288","113.1888","20210515","08:48","NPZ9","No-take","npz9.9","82.1","Molly","Yes","Yes"
