"scientific","caab","class","order","family","subfamily","genus","species","global.region","marine.region","length.measure","a","b","all","bll","source","source_level","local.region","feeding.guild","iucn.ranking","fb.vulnerability","fb.countries","fb.status","fb.length_max","fb.ltypemaxm","rls.trophic.level","rls.trophic.breadth","rls.trophic.group","rls.water.column","rls.substrate.type","rls.complexity","rls.night.day","rls.gregariousness","rls.thermal.niche","rls.vulnerability","fishing.mortality","fishing.type","fishing.intensity","minlegal.nt","maxlegal.nt","bag.nt","minlegal.wa","maxlegal.wa","bag.wa","minlegal.qld","maxlegal.qld","bag.qld","minlegal.nsw","maxlegal.nsw","bag.nsw","minlegal.vic","maxlegal.vic","bag.vic","minlegal.sa","maxlegal.sa","bag.sa","minlegal.tas","maxlegal.tas","bag.tas"
"Acanthurus grammoptilus",37437002,"Actinopterygii","Perciformes","Acanthuridae","Acanthurinae","Acanthurus","grammoptilus","Australia","CS/N/NW/SW/TE","TL",0.02344,2.96,0,1.11369,"FishBase","LWR estimates for this Genus-body shape","Ningaloo/Pilbara/Timor/Negros/SEQ","herbivore","Least Concern",29.77,"Australia/Indonesia/New.Caledonia/Philippines/Viet.Nam","native",350,"TL",2.1,2,"Browsing herbivore","Demersal","Hard bottom","Low","Day",1,26.6421,31,"N",NA,NA,NA,NA,NA,NA,NA,NA,NA,NA,NA,NA,NA,NA,NA,NA,NA,NA,NA,NA,NA,NA,NA
"Acanthurus olivaceus",37437016,"Actinopterygii","Perciformes","Acanthuridae","Acanthurinae","Acanthurus","olivaceus","Australia","CS/N/NW/TE","FL",0.0606,2.7,0,1,"FishBase","Species specific","Ningaloo/Pilbara/Timor/SEQ","algae/invertebrate consumer","Least Concern",18.16,"American.Samoa/Australia/China/Christmas.Island/Cocos.(Keeling).Islands/Cook.Islands/Fiji/French.Polynesia/Guam/Hong.Kong/Indonesia/Japan/Malaysia/Mauritius/New.Caledonia/Vanuatu/Niue/Norfolk.Island/Northern.Mariana.Islands/United.States.Minor.Outlying.Islands/Micronesia.(Federated.States.of)/Marshall.Islands/Palau/Papua.New.Guinea/Philippines/Viet.Nam/Tonga/Samoa","native",350,"TL",2.2,2,"Browsing herbivore","Demersal","Hard bottom","Low","Day",1,24.6063,31,"N",NA,NA,NA,NA,NA,NA,NA,NA,NA,NA,NA,NA,NA,NA,NA,NA,NA,NA,NA,NA,NA,NA,NA
"Aluterus scriptus",37465045,"Actinopterygii","Tetraodontiformes","Monacanthidae",NA,"Aluterus","scriptus","Australia","CS/N/NW","TL",0.823,1.814,0,1,"FishBase","Species specific","Ningaloo/Pilbara/Timor/Negros","algae/invertebrate consumer","Least Concern",69.33,"American.Samoa/Antigua.and.Barbuda/Australia/Bahamas/Barbados/Brazil/Virgin.Islands.(British)/Cambodia/Canada/Cabo.Verde/Cayman.Islands/Sri.Lanka/China/Christmas.Island/Cocos.(Keeling).Islands/Colombia/Cook.Islands/Costa.Rica/Cuba/Dominica/Dominican.Republic/Ecuador/El.Salvador/Fiji/French.Polynesia/Djibouti/Grenada/Guadeloupe/Guam/Guatemala/Haiti/Honduras/Hong.Kong/India/Indonesia/Jamaica/Japan/Jordan/Korea.(Republic.of)/Malaysia/Maldives/Martinique/Mauritius/Mexico/Montserrat/Mozambique/Oman/Curaçao/Aruba/New.Caledonia/Vanuatu/New.Zealand/Nicaragua/Niue/Northern.Mariana.Islands/Micronesia.(Federated.States.of)/Palau/Panama/Papua.New.Guinea/Philippines/Pitcairn/Portugal/Puerto.Rico/Réunion/Saint.Helena,.Ascension.and.Tristan.da.Cunha/Saint.Kitts.and.Nevis/Anguilla/Saint.Lucia/Saint.Vincent.and.the.Grenadines/Sao.Tome.and.Principe/Seychelles/Sierra.Leone/Viet.Nam/Somalia/South.Africa/Tonga/Trinidad.and.Tobago/Turks.and.Caicos.Islands/Egypt/Tanzania,.United.Republic.of/United.States.of.America/Virgin.Islands.(U.S.)/Samoa/Yemen","native",1100,"TL",2.8,3,"Browsing herbivore","Demersal","Hard bottom","Medium","Day",1,NA,70,"N",NA,NA,NA,NA,NA,250,NA,"Y",NA,NA,NA,NA,NA,NA,NA,NA,NA,NA,NA,NA,NA,NA,NA
"Anampses caeruleopunctatus",37384045,"Actinopterygii","Perciformes","Labridae","Corinae","Anampses","caeruleopunctatus","Australia","NW/TE/SW/CS/SE/Lord.Howe.Island/Christmas.Island/Cocos.Keeling","TL",0.01,3.06,0,1,"FishBase","LWR estimates for this (Sub)family-body shape","Ningaloo/Pilbara/Negros/NSW","invertebrate carnivore","Least Concern",40.08,"Australia/China/Christmas.Island/Cook.Islands/French.Polynesia/Kiribati/Guam/India/Indonesia/Japan/Jordan/Kenya/Madagascar/Maldives/Mauritius/Mozambique/Oman/New.Caledonia/New.Zealand/Niue/Northern.Mariana.Islands/United.States.Minor.Outlying.Islands/Micronesia.(Federated.States.of)/Marshall.Islands/Palau/Papua.New.Guinea/Philippines/Pitcairn/Réunion/Saudi.Arabia/Seychelles/Viet.Nam/Somalia/South.Africa/Thailand/Tonga/Egypt/Tanzania,.United.Republic.of/Samoa/Yemen","native",420,"TL",3.3,1,"benthic invertivore","Demersal","Hard bottom","Low","Day",2,23.2569,43,"N",NA,NA,NA,NA,NA,NA,NA,"Y",300,NA,NA,NA,NA,NA,NA,NA,NA,NA,NA,NA,NA,NA,NA
"Anampses geographicus",37384048,"Actinopterygii","Perciformes","Labridae","Corinae","Anampses","geographicus","Australia","NW/CS/SE/Lord.Howe.Island/SW/TE","TL",0.01,3.06,0,1,"FishBase","LWR estimates for this (Sub)family-body shape","Ningaloo/Pilbara/Ningaloo/Pilbara/NSW","invertebrate carnivore/invertebrate carnivore/invertebrate carnivore","Least Concern",34.91,"Australia/Cook.Islands/Fiji/Indonesia/Japan/Malaysia/Mauritius/New.Caledonia/Micronesia.(Federated.States.of)/Palau/Papua.New.Guinea/Philippines/Tonga","native",310,"TL",3.2,2,"benthic invertivore","Demersal","Hard bottom","Low","Day",2,21.8232,35,"N",NA,NA,NA,NA,NA,NA,NA,"Y",300,NA,NA,NA,NA,NA,NA,NA,NA,NA,NA,NA,NA,NA,NA
"Aptychotrema vincentiana",37027001,"Elasmobranchii","Rajiformes","Rhinobatidae","Rhinobatinae","Aptychotrema","vincentiana","Australia","NW/SE/SW","TL",0.00661,2.98,NA,NA,"FishBase","LWR estimates for this (Sub)family-body shape","West/Southwest/Northwest/South-East/West/Southwest/Northwest",NA,"Least Concern",48.7,"Australia","endemic",790,"TL",NA,NA,NA,NA,NA,NA,NA,NA,NA,NA,"N",NA,NA,NA,NA,NA,NA,NA,NA,NA,NA,NA,NA,NA,NA,NA,NA,NA,NA,NA,NA,NA,NA,NA
"Austrolabrus maculatus",37384025,"Actinopterygii","Perciformes","Labridae",NA,"Austrolabrus","maculatus","Australia","NW/SW/TE","TL",0.01995,2.99,NA,NA,"FishBase","LWR estimates for this (Sub)family-body shape","Northwest/West/Southwest/NSW","invertebrate carnivore","Least Concern",25.86,"Australia","native",125.5,"SL",3.4,3.69737,"benthic invertivore","Demersal","Hard bottom","Low","Day",1,19.7759,27,"N",NA,NA,NA,NA,NA,NA,NA,"Y",NA,NA,NA,NA,NA,NA,NA,NA,NA,NA,NA,NA,NA,NA,NA
"Bodianus bilunulatus",37384054,"Actinopterygii","Perciformes","Labridae","Bodianinae","Bodianus","bilunulatus","Australia","CS/NW/SW/TE","TL",0.0146,3,0,1.04052,"FishBase","Species specific","Ningaloo/Pilbara/Southwest/Ningaloo/Pilbara/Southwest/SEQ","invertebrate carnivore/invertebrate carnivore","Least Concern",53.04,"Australia/Brunei.Darussalam/China/French.Polynesia/Hong.Kong/Indonesia/Japan/Kenya/Korea.(Republic.of)/Madagascar/Malaysia/Maldives/Mauritius/Mozambique/New.Caledonia/Micronesia.(Federated.States.of)/Palau/Papua.New.Guinea/Philippines/Réunion/Seychelles/Somalia/South.Africa/Tanzania,.United.Republic.of/Yemen","native",550,"TL",3.4,3,"benthic invertivore","Demersal","Hard bottom","Low","Day",1,25.3028,55,"N",NA,NA,NA,NA,NA,NA,NA,"Y",300,NA,NA,NA,NA,NA,NA,NA,NA,NA,NA,NA,NA,NA,NA
"Bodianus solatus",37384201,"Actinopterygii","Perciformes","Labridae","Bodianinae","Bodianus","solatus","Australia","NW","TL",0.01202,3.05,NA,NA,"FishBase","LWR estimates for this Genus-body shape","Ningaloo/Pilbara","invertebrate carnivore","Data Deficient",47.69,"Australia","endemic",350,"SL",NA,NA,NA,NA,NA,NA,NA,NA,NA,NA,"N",NA,NA,NA,NA,NA,NA,NA,"Y",NA,NA,NA,NA,NA,NA,NA,NA,NA,NA,NA,NA,NA,NA,NA
"Bodianus vulpinus",37384001,"Actinopterygii","Perciformes","Labridae","Bodianinae","Bodianus","vulpinus","Australia","SW","TL",0.01202,3.05,0,1.02618,"FishBase","LWR estimates for this Genus-body shape","West/Southwest",NA,"Least Concern",54.31,"Australia","endemic",435,"SL",NA,NA,NA,NA,NA,NA,NA,NA,NA,NA,"N",NA,NA,NA,NA,NA,NA,NA,"Y",NA,NA,NA,NA,NA,NA,NA,NA,NA,NA,NA,NA,NA,NA,NA
"Carangoides fulvoguttatus",37337037,"Actinopterygii","Perciformes","Carangidae","Caranginae","Carangoides","fulvoguttatus","Australia","CS/N/NW/TE","FL",0.03285,2.8082,0,1,"FishBase","Species specific","Ningaloo/Pilbara/Timor/SEQ","generalist carnivore","Least Concern",64.86,"Australia/Bahrain/Bangladesh/Myanmar/Cambodia/Sri.Lanka/China/Comoros/Mayotte/Djibouti/India/Indonesia/Iran.(Islamic.Republic.of)/Iraq/Israel/Japan/Jordan/Kenya/Kuwait/Madagascar/Malaysia/Maldives/Mauritius/Mozambique/Oman/New.Caledonia/Micronesia.(Federated.States.of)/Palau/Pakistan/Papua.New.Guinea/Philippines/Qatar/Réunion/Saudi.Arabia/Seychelles/Singapore/Viet.Nam/Somalia/South.Africa/Thailand/Tonga/United.Arab.Emirates/Egypt/Tanzania,.United.Republic.of/Yemen","native",1200,"FL",4.4,2,"higher carnivore","pelagic non-site attached","Hard bottom","Low","Day",2,26.7919,65,"Y","B/C",NA,NA,NA,NA,NA,NA,"Y",NA,NA,NA,NA,NA,NA,NA,NA,NA,NA,NA,NA,NA,NA,NA
"Carcharhinus plumbeus",37018007,"Elasmobranchii","Carcharhiniformes","Carcharhinidae",NA,"Carcharhinus","plumbeus","Australia","NW/SW/TE/N/CS/Lord.Howe.Island","FL",0.0109,3.012,0,1,"FishBase","Species specific","Ningaloo/Pilbara/Southwest/Ningaloo/Pilbara/Southwest/SEQ","generalist carnivore/generalist carnivore","Vulnerable",87.51,"Albania/Algeria/Angola/Argentina/Australia/Bahamas/Bahrain/Brazil/Belize/Cameroon/Cabo.Verde/China/Colombia/Mayotte/Congo/Congo.(Democratic.Republic.of.the)/Costa.Rica/Cuba/Cyprus/Benin/Ecuador/Equatorial.Guinea/Fiji/France/Djibouti/Gabon/Gambia/Ghana/Greece/Guatemala/Honduras/Hong.Kong/Indonesia/Iran.(Islamic.Republic.of)/Iraq/Israel/Italy/Japan/Jordan/Korea.(Republic.of)/Kuwait/Lebanon/Libya/Macao/Madagascar/Malaysia/Malta/Mauritania/Mauritius/Mexico/Monaco/Morocco/Mozambique/Oman/New.Caledonia/Nicaragua/Nigeria/Panama/Portugal/Qatar/Réunion/Sao.Tome.and.Principe/Saudi.Arabia/Senegal/Seychelles/Viet.Nam/Slovenia/Somalia/South.Africa/Spain/Syrian.Arab.Republic/Togo/Tonga/Trinidad.and.Tobago/United.Arab.Emirates/Tunisia/Turkey/Tuvalu/Egypt/Tanzania,.United.Republic.of/United.States.of.America/Uruguay/Venezuela.(Bolivarian.Republic.of)/Yemen","native",1800,"TL",NA,NA,NA,NA,NA,NA,NA,NA,NA,NA,"Y","C",NA,NA,NA,NA,NA,700,NA,NA,NA,NA,NA,NA,NA,NA,NA,NA,NA,NA,NA,NA,NA,NA
"Chaetodon assarius",37365012,"Actinopterygii","Perciformes","Chaetodontidae",NA,"Chaetodon","assarius","Australia","NW/SW","TL",0.02291,3.01,0,1,"FishBase","LWR estimates for this Genus-body shape","Ningaloo/Pilbara/Southwest/Ningaloo/Pilbara/Southwest","algae/invertebrate consumer/algae/invertebrate consumer","Least Concern",10,"Australia/Indonesia","native",160,"TL",2.7,3.25806,"benthic invertivore","Demersal","Hard bottom","High","Day",2,21.6305,10,"N",NA,NA,NA,NA,NA,NA,NA,NA,NA,NA,NA,NA,NA,NA,NA,NA,NA,NA,NA,NA,NA,NA,NA
"Chaetodon auriga",37365019,"Actinopterygii","Perciformes","Chaetodontidae",NA,"Chaetodon","auriga","Australia","CS/N/NW/SW/TE","FL",0.0404,2.82943,0,1,"FishBase","Species specific","Ningaloo/Pilbara/Timor/Negros/Southwest/Ningaloo/Pilbara/Timor/Negros/Southwest/SEQ","invertebrate carnivore/invertebrate carnivore","Least Concern",11.53,"American.Samoa/Australia/Sri.Lanka/China/Christmas.Island/Cocos.(Keeling).Islands/Cook.Islands/Fiji/French.Polynesia/Guam/Hong.Kong/India/Indonesia/Israel/Japan/Jordan/Kenya/Korea.(Republic.of)/Madagascar/Malaysia/Maldives/Mauritius/Mozambique/Oman/New.Caledonia/Vanuatu/New.Zealand/Niue/Norfolk.Island/Northern.Mariana.Islands/Micronesia.(Federated.States.of)/Marshall.Islands/Palau/Papua.New.Guinea/Philippines/Pitcairn/Réunion/Saudi.Arabia/Seychelles/Viet.Nam/Somalia/South.Africa/Thailand/Tonga/Egypt/Tanzania,.United.Republic.of/Samoa/Yemen","native",230,"TL",3.2,5,"benthic invertivore","Demersal","Hard bottom","Medium","Day",2,24.4695,12,"N",NA,NA,NA,NA,NA,NA,NA,NA,NA,NA,NA,NA,NA,NA,NA,NA,NA,NA,NA,NA,NA,NA,NA
"Chaetodon lunula",37365042,"Actinopterygii","Perciformes","Chaetodontidae",NA,"Chaetodon","lunula","Australia","NW/TE","TL",0.02291,3.01,0,1,"FishBase","LWR estimates for this Genus-body shape","Ningaloo/Pilbara/Timor/Negros/SEQ","invertebrate carnivore","Least Concern",15.01,"American.Samoa/Australia/Sri.Lanka/China/Christmas.Island/Comoros/Cook.Islands/Fiji/French.Polynesia/Kiribati/Guam/India/Indonesia/Japan/Kenya/Korea.(Republic.of)/Madagascar/Maldives/Mauritius/Mozambique/Oman/New.Caledonia/Vanuatu/Niue/Norfolk.Island/Northern.Mariana.Islands/Micronesia.(Federated.States.of)/Marshall.Islands/Palau/Papua.New.Guinea/Philippines/Pitcairn/Réunion/Seychelles/Viet.Nam/Somalia/South.Africa/Thailand/Tonga/Tanzania,.United.Republic.of/Samoa/Yemen","native",200,"TL",3.4,5,"benthic invertivore","Demersal","Hard bottom","High","Day",2,25.078,15,"N",NA,NA,NA,NA,NA,NA,NA,NA,NA,NA,NA,NA,NA,NA,NA,NA,NA,NA,NA,NA,NA,NA,NA
"Chaetodontoplus personifer",37365008,"Actinopterygii","Perciformes","Pomacanthidae",NA,"Chaetodontoplus","personifer","Australia","NW/SW","TL",0.0302,2.89,0,1,"FishBase","LWR estimates for this (Sub)family-body shape","Ningaloo/Pilbara/Timor/Southwest/Ningaloo/Pilbara/Timor/Southwest","invertebrate carnivore/invertebrate carnivore","Least Concern",34.97,"Australia","native",350,"TL",NA,NA,NA,NA,NA,NA,NA,NA,NA,NA,"N",NA,NA,NA,NA,NA,NA,NA,NA,NA,NA,NA,NA,NA,NA,NA,NA,NA,NA,NA,NA,NA,NA,NA
"Cheilodactylus gibbosus",37377010,"Actinopterygii","Perciformes","Cheilodactylidae",NA,"Cheilodactylus","gibbosus","Australia","NW/SW","TL",0.0123,3.02,NA,NA,"FishBase","LWR estimates for this (Sub)family-body shape","West/Southwest","algae/invertebrate consumer",NA,35.9,"Australia","endemic",600,"TL",3.4,4,"benthic invertivore","Demersal","Hard bottom","Medium","Day",1,20.3717,38.75,"Y","B",NA,NA,NA,NA,NA,NA,NA,NA,NA,NA,NA,NA,NA,230,NA,NA,NA,NA,NA,NA,NA,NA
"Choerodon rubescens",37384039,"Actinopterygii","Perciformes","Labridae","Bodianinae","Choerodon","rubescens","Australia","NW/SW","TL",0.0166,3.03,NA,NA,"FishBase","LWR estimates for this (Sub)family-body shape","West/Ningaloo/Pilbara/NA","invertebrate carnivore","Least Concern",64.65,"Australia","endemic",900,"TL",3.6,3.5,"benthic invertivore","Demersal","Hard bottom","Low","Day",1,21.1671,65,"Y","C/R",NA,NA,NA,NA,400,NA,"Y",NA,NA,NA,NA,NA,NA,NA,NA,NA,NA,NA,NA,NA,NA,NA
"Chrysophrys auratus",37353001,"Actinopterygii","Perciformes","Sparidae",NA,"Chrysophrys","auratus","Australia","CS/SE/SW/NW/TE","FL",0.04467,2.793,0,1,"FishBase","Species specific","South-East/West/Southwest/SEQ/NSW/PSGLMP/NA","demersal invertivore/generalist carnivore/generalist carnivore","Least Concern",69.12,"Australia/China/Hong.Kong/Indonesia/Japan/New.Zealand/Norfolk.Island/Philippines","native",1300,"TL",3.3,4.33333,"benthic invertivore","Demersal","Hard bottom","Low","Day",2,19.7591,69,"Y","C/R",NA,NA,NA,NA,410,NA,"Y",350,NA,"Y",300,NA,"Y",280,NA,"Y",380,NA,"Y",300,NA,"Y"
"Coris auricularis",37384088,"Actinopterygii","Perciformes","Labridae","Corinae","Coris","auricularis","Australia","NW/SW","TL",0.01,3.06,0,1,"FishBase","LWR estimates for this (Sub)family-body shape","West/Southwest/Ningaloo/Pilbara/West/Southwest/Ningaloo/Pilbara",NA,"Least Concern",50.24,"Australia","endemic",400,"TL",3.4,3,"benthic invertivore","Demersal","Hard bottom","Low","Day",2,20.7917,44,"Y","B",NA,NA,NA,NA,NA,NA,"Y",300,NA,NA,NA,NA,NA,NA,NA,NA,NA,NA,NA,NA,NA,NA
"Coris caudimacula",37384092,"Actinopterygii","Perciformes","Labridae","Corinae","Coris","caudimacula","Australia","NW","TL",0.01,3.06,0,1,"FishBase","LWR estimates for this (Sub)family-body shape","Ningaloo/Pilbara/Timor","invertebrate carnivore","Least Concern",28.6,"Australia/Comoros/Indonesia/Israel/Jordan/Kenya/Madagascar/Mauritius/Mozambique/Oman/Papua.New.Guinea/Réunion/Saudi.Arabia/Seychelles/Somalia/South.Africa/Egypt/Tanzania,.United.Republic.of","native",200,"TL",3.4,3,"benthic invertivore","Demersal","Hard bottom","Low","Day",1,24.4881,30,"N",NA,NA,NA,NA,NA,NA,NA,"Y",NA,NA,NA,NA,NA,NA,NA,NA,NA,NA,NA,NA,NA,NA,NA
"Decapterus muroadsi",37337071,"Actinopterygii","Perciformes","Carangidae","Caranginae","Decapterus","muroadsi","Australia","SW/TE/SE/Lord.Howe.Island/NW","TL",0.01094,3,0,1.075,"FishBase","Species specific","Ningaloo/Pilbara/Timor","invertebrate carnivore","Least Concern",39.89,"Australia/Colombia/Costa.Rica/Ecuador/El.Salvador/Guatemala/Honduras/Hong.Kong/Japan/Korea.(Republic.of)/Mexico/New.Caledonia/New.Zealand/Nicaragua/Panama/Philippines/Saint.Helena,.Ascension.and.Tristan.da.Cunha/Thailand/United.States.of.America","native",500,"FL",3.4,2,"planktivore","pelagic non-site attached","Hard bottom","Low","Day",3,20.0715,39,"Y","B",NA,NA,NA,NA,NA,NA,"Y",NA,NA,NA,NA,NA,NA,NA,NA,NA,NA,NA,NA,NA,NA,NA
"Diagramma pictum labiosum",37350003,"Actinopterygii","Perciformes","Haemulidae","Plectorhinchinae","Diagramma","pictum labiosum","Australia","CS/N/NW/TE/SW/Lord.Howe.Island","FL",0.01441,2.988,0,1,"FishBase","Species specific - Diagramma pictum","Ningaloo/Pilbara/Timor/SEQ","invertebrate carnivore",NA,NA,NA,NA,NA,NA,3.6,5,"benthic invertivore","Demersal","Hard bottom","Medium","Night",1,26.1929,59,"Y","B/C",NA,NA,NA,NA,300,NA,"Y",NA,NA,NA,NA,NA,NA,NA,NA,NA,NA,NA,NA,NA,NA,NA
"Echeneis naucrates",37336001,"Actinopterygii","Perciformes","Echeneidae",NA,"Echeneis","naucrates","Australia","CS/N/NW/SW/TE","FL",0.00075,3.35779,0,1,"FishBase","Species specific","Ningaloo/Pilbara/Timor/Negros/NSW","invertebrate carnivore/generalist carnivore","Least Concern",54.09,"Algeria/American.Samoa/Angola/Antigua.and.Barbuda/Argentina/Australia/Bahamas/Bahrain/Barbados/Bermuda/Brazil/Belize/Virgin.Islands.(British)/Bulgaria/Myanmar/Cambodia/Canada/Cabo.Verde/Cayman.Islands/Sri.Lanka/China/Christmas.Island/Colombia/Comoros/Mayotte/Cook.Islands/Cuba/Dominica/Dominican.Republic/French.Guiana/French.Polynesia/Djibouti/Greece/Grenada/Guadeloupe/Guam/Guinea/Guyana/Haiti/Hong.Kong/India/Indonesia/Iran.(Islamic.Republic.of)/Iraq/Italy/Côte.d'Ivoire/Jamaica/Japan/Jordan/Kenya/Korea.(Republic.of)/Kuwait/Lebanon/Madagascar/Malaysia/Maldives/Malta/Martinique/Mauritania/Mauritius/Mexico/Montserrat/Mozambique/Oman/Curaçao/Aruba/New.Caledonia/New.Zealand/Nicaragua/Niue/Norfolk.Island/Northern.Mariana.Islands/Micronesia.(Federated.States.of)/Marshall.Islands/Palau/Pakistan/Papua.New.Guinea/Philippines/Guinea-Bissau/Puerto.Rico/Qatar/Réunion/Saint.Helena,.Ascension.and.Tristan.da.Cunha/Saint.Kitts.and.Nevis/Anguilla/Saint.Lucia/Saint.Vincent.and.the.Grenadines/Sao.Tome.and.Principe/Saudi.Arabia/Senegal/Seychelles/Sierra.Leone/Viet.Nam/Somalia/South.Africa/Spain/Suriname/Syrian.Arab.Republic/Tonga/Trinidad.and.Tobago/United.Arab.Emirates/Turkey/Turks.and.Caicos.Islands/Egypt/Tanzania,.United.Republic.of/United.States.of.America/Virgin.Islands.(U.S.)/Uruguay/Venezuela.(Bolivarian.Republic.of)/Samoa/Yemen","native",1100,"TL",3.4,6,"higher carnivore","pelagic non-site attached","Hard bottom","Low","Day",2,25.5516,54,"N",NA,NA,NA,NA,NA,NA,NA,NA,NA,NA,NA,NA,NA,NA,NA,NA,NA,NA,NA,NA,NA,NA,NA
"Epinephelus areolatus",37311009,"Actinopterygii","Perciformes","Serranidae","Epinephelinae","Epinephelus","areolatus","Australia","CS/N/NW","TL",0.0118,2.947,0,1.02186,"FishBase","Species specific","Ningaloo/Pilbara/Timor","generalist carnivore","Least Concern",35.95,"Australia/Bahrain/Cambodia/Sri.Lanka/China/Mayotte/Cook.Islands/Fiji/Djibouti/Hong.Kong/India/Indonesia/Iran.(Islamic.Republic.of)/Iraq/Israel/Japan/Jordan/Kenya/Kuwait/Malaysia/Maldives/Mozambique/Oman/New.Caledonia/Pakistan/Papua.New.Guinea/Philippines/Qatar/Saudi.Arabia/Seychelles/Singapore/Viet.Nam/Somalia/South.Africa/Thailand/Tonga/United.Arab.Emirates/Egypt/Tanzania,.United.Republic.of/Yemen","native",470,"TL",3.6,3,"higher carnivore","Demersal","Hard bottom","Medium","Day",1,NA,36,"Y","B/C",NA,NA,NA,NA,NA,NA,"Y",NA,NA,NA,NA,NA,NA,NA,NA,NA,NA,NA,NA,NA,NA,NA
"Epinephelus morrhua",37311151,"Actinopterygii","Perciformes","Serranidae","Epinephelinae","Epinephelus","morrhua","Australia","NW/SW","FL",0.0606,2.624,0,1,"FishBase","Species specific","West/Southwest",NA,"Least Concern",42.81,"American.Samoa/Australia/Sri.Lanka/China/Christmas.Island/Comoros/Mayotte/Cook.Islands/Fiji/French.Polynesia/Djibouti/Guam/Hong.Kong/India/Indonesia/Israel/Japan/Jordan/Kenya/Madagascar/Malaysia/Maldives/Mauritius/Mozambique/Oman/New.Caledonia/Northern.Mariana.Islands/Micronesia.(Federated.States.of)/Palau/Pakistan/Papua.New.Guinea/Philippines/Réunion/Saudi.Arabia/Seychelles/Viet.Nam/South.Africa/Thailand/Tonga/Tuvalu/Egypt/Tanzania,.United.Republic.of/Wallis.and.Futuna/Samoa/Yemen","native",900,"TL",NA,NA,NA,"Demersal",NA,NA,NA,NA,NA,NA,"Y","C",NA,NA,NA,NA,NA,NA,"Y",NA,NA,NA,NA,NA,NA,NA,NA,NA,NA,NA,NA,NA,NA,NA
"Epinephelus rivulatus",37311022,"Actinopterygii","Perciformes","Serranidae","Epinephelinae","Epinephelus","rivulatus","Australia","CS/N/NW/SW","FL",0.01139,3.0862,0,1,"FishBase","Species specific","Ningaloo/Pilbara/Timor/NA","generalist carnivore","Least Concern",27.48,"Australia/Solomon.Islands/Sri.Lanka/China/Comoros/Mayotte/Hong.Kong/India/Indonesia/Japan/Kenya/Madagascar/Mauritius/Mozambique/Oman/New.Caledonia/New.Zealand/Norfolk.Island/Pakistan/Papua.New.Guinea/Philippines/Réunion/Viet.Nam/South.Africa/Tonga/Tanzania,.United.Republic.of/Yemen","native",450,"TL",3.6,2.89474,"higher carnivore","Demersal","Hard bottom","Medium","Day",1,24.2296,27,"Y","R",NA,NA,NA,NA,NA,NA,"Y",NA,NA,NA,NA,NA,NA,NA,NA,NA,NA,NA,NA,NA,NA,NA
"Eubalichthys caeruleoguttatus",37465018,"Actinopterygii","Tetraodontiformes","Monacanthidae",NA,"Eubalichthys","caeruleoguttatus","Australia","NW/SW","TL",0.02188,2.91,0,1.05839,"FishBase","LWR estimates for this (Sub)family-body shape","West/Southwest/Pilbara/West/Southwest/Pilbara","Invertebrate carnivore/Invertebrate carnivore","Data Deficient",37.03,"Australia","native",380,"TL",2.8,3.93333,"Browsing herbivore","Demersal","Hard bottom","Medium","Day",1,22.1105,39,"N",NA,NA,NA,NA,NA,250,NA,"Y",NA,NA,NA,NA,NA,"Y",NA,NA,NA,NA,NA,NA,NA,NA,NA
"Galeocerdo cuvier",37018022,"Elasmobranchii","Carcharhiniformes","Carcharhinidae",NA,"Galeocerdo","cuvier","Australia","CS/N/NW/SW/TE","FL",0.00253,3.26,0,1,"FishBase","Species specific","Ningaloo/Pilbara/Timor/NSW/PSGLMP","generalist carnivore/generalist carnivore","Near Threatened",63.83,"American.Samoa/Angola/Antigua.and.Barbuda/Argentina/Australia/Bahamas/Bahrain/Bangladesh/Barbados/Bermuda/Brazil/Belize/Solomon.Islands/Virgin.Islands.(British)/Brunei.Darussalam/Myanmar/Cambodia/Cabo.Verde/Cayman.Islands/Sri.Lanka/China/Christmas.Island/Cocos.(Keeling).Islands/Colombia/Comoros/Mayotte/Cook.Islands/Costa.Rica/Cuba/Dominica/Dominican.Republic/Ecuador/El.Salvador/Fiji/French.Guiana/French.Polynesia/Djibouti/Gambia/Ghana/Kiribati/Grenada/Guadeloupe/Guam/Guatemala/Guinea/Guyana/Haiti/Honduras/Hong.Kong/Iceland/India/Indonesia/Iran.(Islamic.Republic.of)/Iraq/Israel/Italy/Côte.d'Ivoire/Jamaica/Japan/Jordan/Kenya/Korea.(Democratic.People's.Republic.of)/Korea.(Republic.of)/Kuwait/Liberia/Macao/Madagascar/Malaysia/Maldives/Martinique/Mauritania/Mauritius/Mexico/Montserrat/Morocco/Mozambique/Oman/Nauru/Aruba/New.Caledonia/Vanuatu/New.Zealand/Nicaragua/Niue/Norfolk.Island/Northern.Mariana.Islands/Micronesia.(Federated.States.of)/Marshall.Islands/Palau/Pakistan/Panama/Papua.New.Guinea/Peru/Philippines/Guinea-Bissau/Puerto.Rico/Qatar/Réunion/Saint.Kitts.and.Nevis/Anguilla/Saint.Lucia/Saint.Vincent.and.the.Grenadines/Saudi.Arabia/Senegal/Seychelles/Sierra.Leone/Singapore/Viet.Nam/Somalia/South.Africa/Spain/Suriname/Thailand/Tokelau/Tonga/Trinidad.and.Tobago/United.Arab.Emirates/Turks.and.Caicos.Islands/Tuvalu/Egypt/Tanzania,.United.Republic.of/United.States.of.America/Virgin.Islands.(U.S.)/Uruguay/Venezuela.(Bolivarian.Republic.of)/Wallis.and.Futuna/Samoa/Yemen","native",7500,"TL",4.5,3,"higher carnivore","pelagic non-site attached","Hard bottom","Low","Day",1,24.761,64,"Y","B",NA,NA,NA,NA,NA,700,NA,NA,NA,NA,NA,NA,NA,NA,NA,NA,NA,NA,NA,NA,NA,NA
"Glaucosoma buergeri",37320001,"Actinopterygii","Perciformes","Glaucosomatidae",NA,"Glaucosoma","buergeri","Australia","NW/SW","TL",0.0477,2.707,-0.13555,1.02875,"FishBase","Species specific","West/Southwest/Ningaloo/Pilbara/NWS/West/Southwest/Ningaloo/Pilbara/NWS","invertebrate carnivore/invertebrate carnivore",NA,56.51,"Australia/China/Japan/Philippines/Viet.Nam","native",550,"TL",NA,NA,NA,"pelagic site attached",NA,NA,NA,NA,NA,NA,"Y","C",NA,NA,NA,NA,NA,NA,"Y",NA,NA,NA,NA,NA,NA,NA,NA,NA,NA,NA,NA,NA,NA,NA
"Gymnocranius grandoculis",37351005,"Actinopterygii","Perciformes","Lethrinidae","Monotaxinae","Gymnocranius","grandoculis","Australia","CS/N/NW/TE","FL",0.03199,2.88489,0,1,"FishBase","Species specific","Ningaloo/Pilbara/Timor/Negros/SEQ","generalist carnivore","Least Concern",41.78,"American.Samoa/Australia/Bangladesh/Solomon.Islands/Brunei.Darussalam/Myanmar/Cambodia/Sri.Lanka/China/Christmas.Island/Comoros/Cook.Islands/Fiji/French.Polynesia/Djibouti/Kiribati/Guam/Hong.Kong/India/Indonesia/Japan/Jordan/Kenya/Macao/Madagascar/Malaysia/Maldives/Mauritius/Mozambique/Oman/Nauru/New.Caledonia/Vanuatu/Niue/Northern.Mariana.Islands/United.States.Minor.Outlying.Islands/Micronesia.(Federated.States.of)/Marshall.Islands/Palau/Pakistan/Papua.New.Guinea/Philippines/Pitcairn/Réunion/Saudi.Arabia/Seychelles/Singapore/Viet.Nam/Somalia/South.Africa/Thailand/Tokelau/Tonga/Tuvalu/Egypt/Tanzania,.United.Republic.of/Wallis.and.Futuna/Samoa/Yemen","native",800,"TL",NA,NA,NA,"Demersal",NA,NA,NA,NA,NA,NA,"Y","C/R",NA,NA,NA,NA,280,NA,"Y",NA,NA,NA,NA,NA,NA,NA,NA,NA,NA,NA,NA,NA,NA,NA
"Gymnothorax nudivomer",37060047,"Actinopterygii","Anguilliformes","Muraenidae","Muraeninae","Gymnothorax","nudivomer","Australia","NW/SW","TL",0.00098,3.1,NA,NA,"FishBase","LWR estimates for this Genus-body shape","West/Southwest",NA,NA,81.41,"Australia/Guam/Indonesia/Israel/Japan/Jordan/Maldives/Mauritius/Mozambique/Oman/New.Caledonia/Palau/Réunion/Seychelles/Somalia/South.Africa/Tonga/Tanzania,.United.Republic.of/Yemen","native",1800,"TL",NA,NA,NA,NA,NA,NA,NA,NA,NA,NA,"N",NA,NA,NA,NA,NA,NA,NA,NA,NA,NA,NA,NA,NA,NA,NA,NA,NA,NA,NA,NA,NA,NA,NA
"Gymnothorax thyrsoideus",37060010,"Actinopterygii","Anguilliformes","Muraenidae","Muraeninae","Gymnothorax","thyrsoideus","Australia","NW/N/CS","TL",0.00098,3.1,0,1,"FishBase","LWR estimates for this Genus-body shape","Ningaloo/Pilbara/Timor","invertebrate carnivore",NA,47.84,"American.Samoa/Australia/Cambodia/China/Christmas.Island/French.Polynesia/Guam/India/Indonesia/Japan/Malaysia/Maldives/New.Caledonia/Micronesia.(Federated.States.of)/Marshall.Islands/Palau/Papua.New.Guinea/Philippines/Viet.Nam/Thailand/Tonga/Samoa","native",660,"TL",4,1.85714,"benthic invertivore","benthic","Hard bottom","High","Night",1,24.2092,53.2121,"N",NA,NA,NA,NA,NA,NA,NA,NA,NA,NA,NA,NA,NA,NA,NA,NA,NA,NA,NA,NA,NA,NA,NA
"Gymnothorax woodwardi",37060054,"Actinopterygii","Anguilliformes","Muraenidae","Muraeninae","Gymnothorax","woodwardi","Australia","NW/SW","TL",0.00098,3.1,NA,NA,"FishBase","LWR estimates for this Genus-body shape","West/Southwest",NA,NA,68.59,"Australia","endemic",NA,NA,NA,NA,NA,NA,NA,NA,NA,NA,NA,NA,"N",NA,NA,NA,NA,NA,NA,NA,NA,NA,NA,NA,NA,NA,NA,NA,NA,NA,NA,NA,NA,NA,NA,NA
"Hemitriakis falcata",37017009,"Elasmobranchii","Carcharhiniformes","Triakidae","Galeorhininae","Hemitriakis","falcata","Australia","NW","TL",0.00407,3.07,NA,NA,"FishBase","LWR estimates for this (Sub)family-body shape","West/Ningaloo/Pilbara","generalist carnivore/generalist carnivore","Least Concern",72.13,"Australia","native",NA,NA,NA,NA,NA,NA,NA,NA,NA,NA,NA,NA,"Y","B",NA,NA,NA,NA,NA,700,"Y",NA,NA,NA,NA,NA,NA,NA,NA,NA,NA,NA,NA,NA,NA,NA
"Labroides dimidiatus",37384028,"Actinopterygii","Perciformes","Labridae",NA,"Labroides","dimidiatus","Australia","CS/N/NW/SW/TE","FL",0.00585,3.23093,0,1,"FishBase","Species specific","Ningaloo/Pilbara/Timor/Negros/NSW","invertebrate carnivore/zooplanktivore","Least Concern",23.67,"American.Samoa/Australia/Bahrain/Cambodia/Sri.Lanka/China/Christmas.Island/Cocos.(Keeling).Islands/Comoros/Cook.Islands/French.Polynesia/Kiribati/Guam/Hong.Kong/India/Indonesia/Iran.(Islamic.Republic.of)/Israel/Japan/Jordan/Kenya/Korea.(Republic.of)/Kuwait/Madagascar/Malaysia/Maldives/Mauritius/Mozambique/Oman/New.Caledonia/Vanuatu/Niue/Norfolk.Island/Northern.Mariana.Islands/Micronesia.(Federated.States.of)/Marshall.Islands/Palau/Papua.New.Guinea/Philippines/Pitcairn/Qatar/Réunion/Saudi.Arabia/Seychelles/Viet.Nam/Somalia/South.Africa/Thailand/Tonga/United.Arab.Emirates/Egypt/Tanzania,.United.Republic.of/Samoa/Yemen","native",140,"TL",3.5,2,"benthic invertivore","Demersal","Hard bottom","Low","Day",1,23.8017,24,"N",NA,NA,NA,NA,NA,NA,NA,"Y",300,NA,NA,NA,NA,NA,NA,NA,NA,NA,NA,NA,NA,NA,NA
"Lagocephalus sceleratus",37467007,"Actinopterygii","Tetraodontiformes","Tetraodontidae","Tetraodontinae","Lagocephalus","sceleratus","Australia","NW/SW/TE/N/CS/SE/Lord.Howe.Island","FL",0.01823,2.92399,0,1,"FishBase","Species specific","Ningaloo/Pilbara/Timor/SEQ","generalist carnivore","Least Concern",70.51,"Algeria/American.Samoa/Australia/Bahrain/China/Croatia/Cyprus/Djibouti/Greece/Hong.Kong/Indonesia/Israel/Italy/Japan/Jordan/Korea.(Republic.of)/Kuwait/Lebanon/Libya/Madagascar/Malaysia/Maldives/Mauritius/Mozambique/Oman/New.Caledonia/Palau/Papua.New.Guinea/Philippines/Qatar/Réunion/Saudi.Arabia/Viet.Nam/South.Africa/Thailand/Tonga/United.Arab.Emirates/Tunisia/Turkey/Egypt/Samoa","native",1100,"SL",NA,NA,NA,"Demersal",NA,NA,NA,NA,NA,NA,"Y","B",NA,NA,NA,NA,NA,NA,NA,NA,NA,NA,NA,NA,NA,NA,NA,NA,NA,NA,NA,NA,NA,NA
"Lethrinus miniatus",37351009,"Actinopterygii","Perciformes","Lethrinidae","Lethrininae","Lethrinus","miniatus","Australia","CS/SW/Lord.Howe.Island/NW/TE","FL",0.00657,3.27671,0,1,"FishBase","Species specific","Ningaloo/Pilbara/Timor/SEQ","generalist carnivore","Least Concern",52.78,"Australia/Japan/New.Caledonia/Norfolk.Island/Philippines","native",900,"TL",3.5,4,"higher carnivore","Demersal","Hard bottom","Low","Day",1,23.073,53,"Y","C/R",NA,NA,NA,NA,280,NA,"Y",NA,NA,NA,NA,NA,NA,NA,NA,NA,NA,NA,NA,NA,NA,NA
"Lethrinus nebulosus",37351008,"Actinopterygii","Perciformes","Lethrinidae","Lethrininae","Lethrinus","nebulosus","Australia","CS/N/NW/SW/TE","FL",0.01871,2.99616,0,1,"FishBase","Species specific","Ningaloo/Pilbara/Timor/SEQ","generalist carnivore","Least Concern",47.17,"American.Samoa/Australia/Bahrain/British.Indian.Ocean.Territory/Solomon.Islands/Brunei.Darussalam/Myanmar/Cambodia/Sri.Lanka/China/Comoros/Fiji/Djibouti/Hong.Kong/India/Indonesia/Iran.(Islamic.Republic.of)/Iraq/Israel/Japan/Jordan/Kenya/Korea.(Republic.of)/Kuwait/Madagascar/Malaysia/Maldives/Mauritius/Mozambique/Oman/New.Caledonia/Vanuatu/Palau/Pakistan/Papua.New.Guinea/Philippines/Timor-Leste/Qatar/Réunion/Saudi.Arabia/Seychelles/Singapore/Viet.Nam/Somalia/South.Africa/Thailand/Tokelau/Tonga/United.Arab.Emirates/Egypt/Tanzania,.United.Republic.of/Wallis.and.Futuna/Samoa/Yemen","native",870,"TL",3.3,5,"benthic invertivore","Demersal","Soft sediment","Low","Day",1,24.2113,46,"Y","C/R",NA,NA,NA,NA,410,NA,"Y",NA,NA,NA,NA,NA,NA,NA,NA,NA,NA,NA,NA,NA,NA,NA
"Lethrinus punctulatus",NA,"Actinopterygii","Perciformes","Lethrinidae","Lethrininae","Lethrinus","punctulatus","Australia","NW","FL",0.0274,2.886,0,1,"FishBase","Species specific taken from Lethrinus lentjan",NA,"generalist carnivore/generalist carnivore","Least Concern",NA,NA,"native",520,"TL",4.2,5,"higher carnivore","Demersal","Hard bottom","Low","Day",1,27.6497,35,"Y","C/R",NA,NA,NA,NA,280,NA,"Y",NA,NA,NA,NA,NA,NA,NA,NA,NA,NA,NA,NA,NA,NA,NA
"Lethrinus ravus",37351031,"Actinopterygii","Perciformes","Lethrinidae","Lethrininae","Lethrinus","ravus","Australia","CS/N/NW","FL",0.01409,3.06476,0,1,"FishBase","Species specific","Ningaloo/Pilbara/Timor","generalist carnivore","Least Concern",32.91,"Australia/Indonesia/Japan/New.Caledonia/Philippines","native",300,"SL",NA,NA,NA,"Demersal",NA,NA,NA,NA,NA,NA,"Y","C",NA,NA,NA,NA,280,NA,"Y",NA,NA,NA,NA,NA,NA,NA,NA,NA,NA,NA,NA,NA,NA,NA
"Mustelus ravidus",37017005,"Elasmobranchii","Carcharhiniformes","Triakidae",NA,"Mustelus","ravidus","Australia","NW","TL",0.0024,3.16,NA,NA,"FishBase","LWR estimates for this Genus-body shape",NA,NA,"Least Concern",42.27,"Australia","native",NA,NA,NA,NA,NA,NA,NA,NA,NA,NA,NA,NA,"Y","B",NA,NA,NA,NA,NA,NA,NA,NA,NA,NA,NA,NA,NA,NA,NA,NA,NA,NA,NA,NA,NA,NA
"Nelusetta ayraud",37465006,"Actinopterygii","Tetraodontiformes","Monacanthidae",NA,"Nelusetta","ayraud","Australia","SE/SW/TE/NW","TL",0.0193,2.808,NA,NA,"FishBase","Species specific","South-East/West/Southwest/NSW/PSGLMP","generalist carnivore",NA,56.07,"Australia/New.Zealand","native",1000,"TL",3,3.93333,"Browsing herbivore","Demersal","Soft sediment","Medium","Day",3,19.4468,36.3571,"Y","C/R",NA,NA,NA,NA,250,NA,"Y",NA,NA,NA,NA,NA,"Y",NA,NA,"Y",NA,NA,NA,200,NA,"Y"
"Netuma thalassina",37188001,"Actinopterygii","Siluriformes","Ariidae","Ariinae","Netuma","thalassina","Australia","NW/N/CS/TE","TL",0.124,2.467,0,1.14398,"FishBase","Species specific","Ningaloo/Pilbara/NWS","invertebrate carnivore",NA,70.07,"Australia/Myanmar/Cambodia/Sri.Lanka/China/Djibouti/Hong.Kong/India/Indonesia/Iran.(Islamic.Republic.of)/Iraq/Japan/Kuwait/Malaysia/Mozambique/Oman/Pakistan/Philippines/Saudi.Arabia/Singapore/Viet.Nam/Somalia/Thailand/Egypt/Tanzania,.United.Republic.of/Yemen","native",1850,"TL",NA,NA,NA,"Demersal",NA,NA,NA,NA,NA,NA,"Y","B",NA,NA,NA,NA,NA,NA,"Y",NA,NA,NA,NA,NA,NA,NA,NA,NA,NA,NA,NA,NA,NA,NA
"Orectolobus hutchinsi",37013016,"Elasmobranchii","Orectolobiformes","Orectolobidae",NA,"Orectolobus","hutchinsi","Australia","NW/SW","TL",0.00389,3.12,NA,NA,"FishBase","LWR estimates for this body shape","West/Southwest",NA,"Least Concern",71.61,"Australia","native",1490,"TL",NA,NA,NA,NA,NA,NA,NA,NA,NA,NA,"Y","B",NA,NA,NA,NA,NA,700,"Y",NA,NA,NA,NA,NA,NA,NA,NA,NA,NA,NA,NA,NA,NA,NA
"Paracirrhites forsteri",37374010,"Actinopterygii","Perciformes","Cirrhitidae",NA,"Paracirrhites","forsteri","Australia","NW","TL",0.00912,3.07,0,1,"FishBase","LWR estimates for this (Sub)family-body shape","Ningaloo/Pilbara/Timor","piscivore","Least Concern",11.3,"American.Samoa/Australia/Sri.Lanka/Christmas.Island/Cocos.(Keeling).Islands/Cook.Islands/Fiji/French.Polynesia/Kiribati/Guam/India/Indonesia/Japan/Jordan/Kenya/Madagascar/Maldives/Mauritius/Mozambique/Oman/New.Caledonia/Vanuatu/Niue/Norfolk.Island/Northern.Mariana.Islands/Micronesia.(Federated.States.of)/Marshall.Islands/Palau/Papua.New.Guinea/Philippines/Pitcairn/Réunion/Seychelles/Viet.Nam/Somalia/South.Africa/Tonga/Egypt/Tanzania,.United.Republic.of/Samoa/Yemen","native",220,"TL",4.3,3,"higher carnivore","benthic","Hard bottom","Medium","Day",1,25.7453,11,"N",NA,NA,NA,NA,NA,NA,NA,NA,NA,NA,NA,NA,NA,NA,NA,NA,NA,NA,NA,NA,NA,NA,NA
"Parapercis haackei",37390004,"Actinopterygii","Perciformes","Pinguipedidae",NA,"Parapercis","haackei","Australia","NW/SW","TL",0.00646,3.1,NA,NA,"FishBase","LWR estimates for this Genus-body shape","West/Southwest/Pilbara/Ningaloo/West/Southwest/Pilbara/Ningaloo","Invertebrate carnivore/Invertebrate carnivore",NA,16.89,"Australia","native",100,"TL",3.4,3.75,"benthic invertivore","Demersal","Soft sediment","Low","Day",1,20.2006,12,"N",NA,NA,NA,NA,NA,NA,NA,NA,NA,NA,NA,NA,NA,NA,NA,NA,NA,NA,NA,NA,NA,NA,NA
"Parapercis nebulosa",37390005,"Actinopterygii","Perciformes","Pinguipedidae",NA,"Parapercis","nebulosa","Australia","NW/SW/TE/N/CS","TL",0.00812,3,NA,NA,"FishBase","Species specific","Ningaloo/Pilbara/Timor/SEQ","invertebrate carnivore",NA,31.66,"Australia/New.Caledonia/Viet.Nam","native",250,"TL",NA,NA,NA,NA,NA,NA,NA,NA,NA,NA,"N",NA,NA,NA,NA,NA,NA,NA,NA,NA,NA,NA,NA,NA,NA,NA,NA,NA,NA,NA,NA,NA,NA,NA
"Parma mccullochi",37372093,"Actinopterygii","Perciformes","Pomacentridae","Pomacentrinae","Parma","mccullochi","Australia","NW/SW","TL",0.02239,2.99,NA,NA,"FishBase","LWR estimates for this (Sub)family-body shape","West/Southwest",NA,NA,36.72,"Australia","native",531,"TL",2.8,1,"Browsing herbivore","Demersal","Hard bottom","Medium","Day",1,20.7341,37,"N",NA,NA,NA,NA,NA,NA,NA,NA,NA,NA,NA,NA,NA,NA,NA,NA,NA,NA,NA,NA,NA,NA,NA
"Parupeneus chrysopleuron",37355016,"Actinopterygii","Perciformes","Mullidae",NA,"Parupeneus","chrysopleuron","Australia","NW/SW","SL",0.0344,2.86,0,0.931818,"FishBase","Species specific","Ningaloo/Pilbara/Timor/NA","invertebrate carnivore",NA,35.83,"Australia/Cambodia/Hong.Kong/Indonesia/Japan/Korea.(Republic.of)","native",550,"TL",3.5,2.36364,"benthic invertivore","Demersal","Soft sediment","Low","Day",2,21.0318,37,"Y","B",NA,NA,NA,NA,NA,NA,NA,NA,NA,NA,NA,NA,NA,NA,NA,NA,NA,NA,NA,NA,NA,NA
"Parupeneus spilurus",37355015,"Actinopterygii","Perciformes","Mullidae",NA,"Parupeneus","spilurus","Australia","NW/SW/TE/CS/Lord.Howe.Island","FL",0.01917,3.0217,0,1,"FishBase","Species specific","Ningaloo/Pilbara/West/Southwest/NSW/PSGLMP","invertebrate carnivore/invertebrate carnivore","Least Concern",36.98,"Australia/Hong.Kong/Indonesia/Japan/Korea.(Republic.of)/New.Caledonia/New.Zealand/Norfolk.Island/Papua.New.Guinea/Philippines/Tonga","native",500,"TL",3.6,2,"benthic invertivore","Demersal","Soft sediment","Low","Day",2,20.2495,30,"Y","B",NA,NA,NA,NA,NA,NA,NA,NA,NA,NA,NA,NA,NA,NA,NA,NA,NA,NA,NA,NA,NA,NA
"Pentapodus nagasakiensis",37347012,"Actinopterygii","Perciformes","Nemipteridae",NA,"Pentapodus","nagasakiensis","Australia","CS/N/NW","TL",0.01514,2.97,NA,NA,"FishBase","LWR estimates for this (Sub)family-body shape","Ningaloo/Pilbara/Timor","invertebrate carnivore","Least Concern",20.9,"Australia/China/Indonesia/Japan/Korea.(Republic.of)/Malaysia/New.Caledonia/Philippines/Timor-Leste","native",200,"TL",NA,NA,NA,NA,NA,NA,NA,NA,NA,NA,"N",NA,NA,NA,NA,NA,NA,NA,NA,NA,NA,NA,NA,NA,NA,NA,NA,NA,NA,NA,NA,NA,NA,NA
"Pomacanthus semicirculatus",37365080,"Actinopterygii","Perciformes","Pomacanthidae",NA,"Pomacanthus","semicirculatus","Australia","NW/TE/SW/CS/SE/Lord.Howe.Island/Christmas.Island","TL",0.0286,3,NA,NA,"FishBase","Species specific","Ningaloo/Pilbara/Timor/SEQ","algae/invertebrate consumer","Least Concern",49.97,"Australia/Sri.Lanka/China/Christmas.Island/Comoros/Fiji/Djibouti/India/Indonesia/Japan/Jordan/Kenya/Madagascar/Maldives/Mauritius/Mozambique/Oman/New.Caledonia/Vanuatu/Palau/Papua.New.Guinea/Philippines/Réunion/Saudi.Arabia/Seychelles/Viet.Nam/Somalia/South.Africa/Thailand/Tonga/Egypt/Tanzania,.United.Republic.of/Samoa/Yemen","native",400,"SL",2.5,2,"Browsing herbivore","Demersal","Hard bottom","Medium","Day",1,25.0147,50,"N",NA,NA,NA,NA,NA,NA,NA,NA,NA,NA,NA,NA,NA,NA,NA,NA,NA,NA,NA,NA,NA,NA,NA
"Pristipomoides multidens",37346002,"Actinopterygii","Perciformes","Lutjanidae","Etelinae","Pristipomoides","multidens","Australia","CS/N/NW","FL",0.0272,2.928,0,1,"FishBase","Species specific","Ningaloo/Pilbara/NWS","generalist carnivore","Least Concern",43.24,"American.Samoa/Australia/Bahrain/Bangladesh/Solomon.Islands/Brunei.Darussalam/Myanmar/Cambodia/Sri.Lanka/China/Fiji/Djibouti/Kiribati/India/Indonesia/Iran.(Islamic.Republic.of)/Iraq/Israel/Japan/Jordan/Kuwait/Malaysia/Maldives/Mozambique/Oman/Nauru/New.Caledonia/Vanuatu/Niue/Micronesia.(Federated.States.of)/Palau/Pakistan/Papua.New.Guinea/Philippines/Timor-Leste/Qatar/Réunion/Saudi.Arabia/Singapore/Viet.Nam/Somalia/South.Africa/Thailand/Tokelau/Tonga/United.Arab.Emirates/Tuvalu/Egypt/Tanzania,.United.Republic.of/Wallis.and.Futuna/Samoa/Yemen","native",900,"TL",NA,NA,NA,"Demersal",NA,NA,NA,NA,NA,NA,"Y","C",NA,NA,NA,NA,NA,NA,"Y",380,NA,"Y",NA,NA,NA,NA,NA,NA,NA,NA,NA,NA,NA,NA
"Pristipomoides typus",37346019,"Actinopterygii","Perciformes","Lutjanidae","Etelinae","Pristipomoides","typus","Australia","NW/SW/SE/TE/CS","FL",0.0391,2.733,0,1,"FishBase","Species specific","West/Southwest",NA,"Least Concern",38.5,"Australia/Brunei.Darussalam/China/Hong.Kong/Indonesia/Japan/Malaysia/Papua.New.Guinea/Philippines/Timor-Leste/Viet.Nam/Thailand/Tanzania,.United.Republic.of/Yemen","native",700,"TL",NA,NA,NA,"Demersal",NA,NA,NA,NA,NA,NA,"Y","C",NA,NA,NA,NA,NA,NA,"Y",NA,NA,NA,NA,NA,NA,NA,NA,NA,NA,NA,NA,NA,NA,NA
"Rachycentron canadum",37335001,"Actinopterygii","Perciformes","Rachycentridae",NA,"Rachycentron","canadum","Australia","CS/N/NW/TE","TL",0.00153,3.428,0.83305,1.0894,"FishBase","Species specific","Ningaloo/Pilbara/Timor/NA","generalist carnivore","Least Concern",43.68,"Antigua.and.Barbuda/Argentina/Australia/Bahamas/Bahrain/Bangladesh/Barbados/Bermuda/Brazil/Belize/Brunei.Darussalam/Myanmar/Cambodia/Canada/Cabo.Verde/Sri.Lanka/China/Colombia/Mayotte/Costa.Rica/Cuba/Dominica/Dominican.Republic/French.Guiana/Djibouti/Grenada/Guatemala/Guinea/Guyana/Haiti/Honduras/Hong.Kong/India/Indonesia/Iran.(Islamic.Republic.of)/Israel/Jamaica/Japan/Jordan/Kenya/Korea.(Republic.of)/Kuwait/Madagascar/Malaysia/Maldives/Mauritania/Mauritius/Mexico/Mozambique/Oman/Namibia/Curaçao/Aruba/Nicaragua/Nigeria/Pakistan/Panama/Papua.New.Guinea/Philippines/Guinea-Bissau/Timor-Leste/Puerto.Rico/Qatar/Réunion/Russian.Federation/Saint.Kitts.and.Nevis/Saint.Lucia/Saint.Vincent.and.the.Grenadines/Saudi.Arabia/Senegal/Seychelles/Singapore/Viet.Nam/Somalia/South.Africa/Suriname/Thailand/Trinidad.and.Tobago/United.Arab.Emirates/Tanzania,.United.Republic.of/United.States.of.America/Virgin.Islands.(U.S.)/Uruguay/Venezuela.(Bolivarian.Republic.of)/Yemen","native",2000,"TL",4,3,"higher carnivore","pelagic site attached","Hard bottom","Low","Day",2,26.9,44,"Y","B",NA,NA,NA,NA,750,NA,"Y",750,NA,"Y",NA,NA,"Y",NA,NA,NA,NA,NA,NA,NA,NA,NA
"Rhynchobatus australiae",37026005,"Elasmobranchii","Rajiformes","Rhinobatidae","Rhynchobatinae","Rhynchobatus","australiae","Australia","NW/TE/CS/N/SW","TL",0.00389,3.12,NA,NA,"FishBase","LWR estimates for this (Sub)family-body shape","Ningaloo/Pilbara/SEQ/West/Southwest","macroinvertebrate carnivore","Vulnerable",80.94,"Australia/Indonesia/Madagascar/Malaysia/Philippines/Singapore/Thailand","native",3000,"TL",NA,NA,NA,NA,NA,NA,NA,NA,NA,NA,"N",NA,NA,NA,NA,NA,NA,NA,NA,NA,NA,NA,NA,NA,NA,NA,NA,NA,NA,NA,NA,NA,NA,NA
"Seriola dumerili",37337025,"Actinopterygii","Perciformes","Carangidae","Naucratinae","Seriola","dumerili","Australia","CS/N/NW/SW/TE","TL",0.024,2.86,1.24167,1.13103,"FishBase","Species specific","West/Southwest/Ningaloo/Pilbara/West/Southwest/Ningaloo/Pilbara/NSW","generalist carnivore/generalist carnivore/generalist carnivore","Least Concern",53.95,"Albania/Algeria/American.Samoa/Antigua.and.Barbuda/Australia/Bahamas/Bahrain/Barbados/Bermuda/Bosnia.and.Herzegovina/Brazil/Belize/Solomon.Islands/Virgin.Islands.(British)/Cambodia/Canada/Cabo.Verde/Cayman.Islands/China/Colombia/Mayotte/Cook.Islands/Costa.Rica/Croatia/Cuba/Cyprus/Dominica/Dominican.Republic/Fiji/France/French.Guiana/Djibouti/Gabon/Kiribati/Greece/Grenada/Guadeloupe/Guam/Guatemala/Guyana/Haiti/Honduras/Hong.Kong/Indonesia/Iran.(Islamic.Republic.of)/Israel/Italy/Jamaica/Japan/Jordan/Korea.(Republic.of)/Kuwait/Lebanon/Libya/Malaysia/Malta/Martinique/Mauritania/Mauritius/Mexico/Monaco/Montenegro/Montserrat/Morocco/Mozambique/Oman/Curaçao/Aruba/New.Caledonia/Vanuatu/New.Zealand/Nicaragua/Niue/Norfolk.Island/Northern.Mariana.Islands/Micronesia.(Federated.States.of)/Marshall.Islands/Palau/Panama/Papua.New.Guinea/Philippines/Portugal/Puerto.Rico/Qatar/Saint.Kitts.and.Nevis/Anguilla/Saint.Lucia/Saint.Vincent.and.the.Grenadines/Saudi.Arabia/Singapore/Viet.Nam/Slovenia/South.Africa/Spain/Suriname/Syrian.Arab.Republic/Thailand/Togo/Tokelau/Tonga/United.Arab.Emirates/Tunisia/Turkey/Tuvalu/Egypt/United.Kingdom.of.Great.Britain.and.Northern.Ireland/United.States.of.America/Virgin.Islands.(U.S.)/Venezuela.(Bolivarian.Republic.of)/Wallis.and.Futuna/Samoa/Yemen","native",1900,"TL",4.5,3,"higher carnivore","pelagic non-site attached","Hard bottom","Low","Day",2,NA,54,"Y","C/R",NA,NA,NA,NA,600,NA,"Y",500,NA,"Y",NA,NA,"Y",NA,NA,NA,880,NA,NA,NA,NA,NA
"Seriola hippos",37337007,"Actinopterygii","Perciformes","Carangidae","Naucratinae","Seriola","hippos","Australia","NW/SW/TE","TL",0.0137,3,0,1.12676,"FishBase","Species specific","West/Southwest/NSW","generalist carnivore","Least Concern",69.53,"Australia/New.Zealand/Norfolk.Island","native",1500,"TL",4.4,2.5,"higher carnivore","pelagic non-site attached","Hard bottom","Low","Day",2,20.7015,68,"Y","C/R",NA,NA,NA,NA,600,NA,"Y",500,NA,"Y",NA,NA,NA,NA,NA,NA,NA,NA,NA,NA,NA,NA
"Siganus argenteus",37438007,"Actinopterygii","Perciformes","Siganidae",NA,"Siganus","argenteus","Australia","CS/N/NW/TE","FL",0.0131,3.088,0,1,"FishBase","Species specific","Ningaloo/Pilbara/Timor/SEQ","herbivore","Least Concern",22.2,"American.Samoa/Australia/British.Indian.Ocean.Territory/Solomon.Islands/Cambodia/Cocos.(Keeling).Islands/Cook.Islands/Fiji/French.Polynesia/Kiribati/Guam/India/Indonesia/Israel/Japan/Jordan/Madagascar/Maldives/Mauritius/Mozambique/Oman/Nauru/New.Caledonia/Vanuatu/Niue/Northern.Mariana.Islands/Micronesia.(Federated.States.of)/Marshall.Islands/Palau/Papua.New.Guinea/Philippines/Pitcairn/Réunion/Saudi.Arabia/Seychelles/Viet.Nam/Somalia/Tonga/Tuvalu/Tanzania,.United.Republic.of/Samoa/Yemen","native",400,"TL",2,1,"Browsing herbivore","Demersal","Hard bottom","Low","Day",2,25.6539,22,"N",NA,NA,NA,NA,NA,NA,NA,NA,NA,NA,NA,NA,NA,NA,NA,NA,NA,NA,NA,NA,NA,NA,NA
"Siganus punctatus",37438003,"Actinopterygii","Perciformes","Siganidae",NA,"Siganus","punctatus","Australia","TE/SW/NW/N/CS/Cocos.Keeling","FL",0.0199,3.07,0,1,"FishBase","Species specific","Ningaloo/Pilbara/Timor/Negros/NA","algae/invertebrate consumer","Least Concern",24.3,"American.Samoa/Australia/Solomon.Islands/Cambodia/Cocos.(Keeling).Islands/Fiji/Kiribati/Guam/Indonesia/Japan/Malaysia/Nauru/New.Caledonia/Vanuatu/Niue/Northern.Mariana.Islands/Micronesia.(Federated.States.of)/Marshall.Islands/Palau/Papua.New.Guinea/Philippines/Singapore/Thailand/Tonga/Samoa","native",400,"TL",2.8,4,"Browsing herbivore","Demersal","Hard bottom","Low","Day",2,26.3446,26,"N",NA,NA,NA,NA,NA,NA,NA,NA,NA,NA,NA,NA,NA,NA,NA,NA,NA,NA,NA,NA,NA,NA,NA
"Sphyrna lewini",37019001,"Elasmobranchii","Carcharhiniformes","Sphyrnidae",NA,"Sphyrna","lewini","Australia","NW/SW/N/CS/TE/SE/Christmas.Island/Cocos.Keeling","TL",0.00255,3.13,0.32,1.305,"FishBase","Species specific","Ningaloo/Pilbara/Timor/Negros/NA","generalist carnivore","Endangered",81.26,"Algeria/American.Samoa/Angola/Antigua.and.Barbuda/Argentina/Australia/Bahamas/Bangladesh/Barbados/Bermuda/Brazil/Belize/Virgin.Islands.(British)/Brunei.Darussalam/Myanmar/Cambodia/Cameroon/Cayman.Islands/Sri.Lanka/Chile/China/Christmas.Island/Cocos.(Keeling).Islands/Colombia/Mayotte/Congo/Congo.(Democratic.Republic.of.the)/Cook.Islands/Costa.Rica/Cuba/Benin/Dominica/Dominican.Republic/Ecuador/El.Salvador/Equatorial.Guinea/Fiji/France/French.Guiana/French.Polynesia/Djibouti/Gabon/Gambia/Ghana/Gibraltar/Grenada/Guadeloupe/Guam/Guatemala/Guinea/Guyana/Haiti/Honduras/Hong.Kong/India/Indonesia/Iran.(Islamic.Republic.of)/Israel/Italy/Côte.d'Ivoire/Jamaica/Japan/Jordan/Kenya/Korea.(Republic.of)/Liberia/Macao/Madagascar/Malaysia/Maldives/Martinique/Mauritania/Mauritius/Mexico/Monaco/Montserrat/Morocco/Mozambique/Oman/Namibia/Curaçao/Aruba/New.Caledonia/Nicaragua/Nigeria/Northern.Mariana.Islands/Micronesia.(Federated.States.of)/Palau/Pakistan/Panama/Papua.New.Guinea/Peru/Philippines/Portugal/Guinea-Bissau/Puerto.Rico/Qatar/Saint.Kitts.and.Nevis/Anguilla/Saint.Lucia/Saint.Vincent.and.the.Grenadines/Sao.Tome.and.Principe/Saudi.Arabia/Senegal/Seychelles/Sierra.Leone/Singapore/Viet.Nam/Somalia/South.Africa/Spain/Western.Sahara/Suriname/Thailand/Togo/Tonga/Trinidad.and.Tobago/United.Arab.Emirates/Turks.and.Caicos.Islands/Tuvalu/Egypt/Tanzania,.United.Republic.of/United.States.of.America/Virgin.Islands.(U.S.)/Uruguay/Venezuela.(Bolivarian.Republic.of)/Samoa/Yemen","native",4300,"TL",4.1,3,"higher carnivore","pelagic non-site attached","Hard bottom","Low","Day",2,NA,81,"Y","C",NA,NA,NA,NA,NA,NA,NA,NA,NA,NA,NA,NA,NA,NA,NA,NA,NA,NA,NA,NA,NA,NA
"Suezichthys cyanolaemus",37384161,"Actinopterygii","Perciformes","Labridae",NA,"Suezichthys","cyanolaemus","Australia","NW/SW","TL",0.00447,3.14,NA,NA,"FishBase","LWR estimates for this (Sub)family-body shape","West/Southwest/Ningaloo/Pilbara/West/Southwest/Ningaloo/Pilbara",NA,"Least Concern",21.91,"Australia","endemic",97,"SL",3.5,3.69737,"benthic invertivore","Demersal","Hard bottom","Low","Day",1,20.9996,23,"N",NA,NA,NA,NA,NA,NA,NA,"Y",NA,NA,NA,NA,NA,NA,NA,NA,NA,NA,NA,NA,NA,NA,NA
"Taeniurops meyeni",37035017,"Elasmobranchii","Myliobatiformes","Dasyatidae",NA,"Taeniurops","meyeni","Australia","CS/N/NW/TE","TL",0.00794,3.02,0,1,"FishBase","LWR estimates for this (Sub)family-body shape","Ningaloo/Pilbara/SEQ","generalist carnivore","Vulnerable",76.55,"Australia/Bahrain/Sri.Lanka/Mayotte/Cook.Islands/Fiji/French.Polynesia/Guam/India/Indonesia/Japan/Kenya/Kuwait/Madagascar/Malaysia/Maldives/Mauritius/Mozambique/Oman/New.Caledonia/Vanuatu/Norfolk.Island/Northern.Mariana.Islands/Micronesia.(Federated.States.of)/Marshall.Islands/Palau/Papua.New.Guinea/Philippines/Qatar/Réunion/Saudi.Arabia/Seychelles/Viet.Nam/Somalia/South.Africa/United.Arab.Emirates/Tanzania,.United.Republic.of/Yemen","native",3300,"TL",4.2,3,"higher carnivore","benthic","Hard bottom","Low","Day",1,24.3735,77,"Y","B",NA,NA,NA,NA,NA,NA,NA,NA,NA,NA,NA,NA,NA,NA,NA,NA,NA,NA,NA,NA,NA,NA
"Thalassoma lutescens",37384168,"Actinopterygii","Perciformes","Labridae","Corinae","Thalassoma","lutescens","Australia","CS/N/NW/SW/TE","FL",0.0123,3.077,0,1,"FishBase","Species specific","Ningaloo/Pilbara/Timor/NSW","invertebrate carnivore","Least Concern",34.51,"American.Samoa/Australia/Sri.Lanka/China/Christmas.Island/Cocos.(Keeling).Islands/Cook.Islands/French.Polynesia/Guam/Indonesia/Japan/Malaysia/Oman/New.Caledonia/New.Zealand/Norfolk.Island/Northern.Mariana.Islands/Micronesia.(Federated.States.of)/Marshall.Islands/Palau/Papua.New.Guinea/Philippines/Pitcairn/Viet.Nam/Tonga/Samoa","native",300,"TL",3.4,4,"benthic invertivore","Demersal","Hard bottom","Low","Day",2,23.0257,35,"N",NA,NA,NA,NA,NA,NA,NA,"Y",300,NA,NA,NA,NA,NA,NA,NA,NA,NA,NA,NA,NA,NA,NA
"Torquigener pallimaculatus",37467009,"Actinopterygii","Tetraodontiformes","Tetraodontidae","Tetraodontinae","Torquigener","pallimaculatus","Australia","NW/SW/N/CS","TL",0.0182,2.89,NA,NA,"FishBase","LWR estimates for this (Sub)family-body shape","Ningaloo/Pilbara/NA","invertebrate carnivore","Least Concern",19.57,"Australia/Indonesia/New.Caledonia/Papua.New.Guinea","native",180,"SL",NA,NA,NA,NA,NA,NA,NA,NA,NA,NA,"N",NA,NA,NA,NA,NA,NA,NA,NA,NA,NA,NA,NA,NA,NA,NA,NA,NA,NA,NA,NA,NA,NA,NA
"Zanclus cornutus",37437001,"Actinopterygii","Perciformes","Zanclidae",NA,"Zanclus","cornutus","Australia","NW/TE/N/CS/Lord.Howe.Island/Christmas.Island/Cocos.Keeling","FL",0.0147,3.36991,0,1,"FishBase","Species specific","Ningaloo/Pilbara/Timor/Negros/SEQ","algae/invertebrate consumer","Least Concern",11.94,"Hong.Kong/India/Indonesia/Japan/Kenya/Korea.(Republic.of)/Madagascar/Maldives/Mauritius/Mexico/Mozambique/Oman/New.Caledonia/Vanuatu/New.Zealand/Nicaragua/Niue/Norfolk.Island/Northern.Mariana.Islands/Micronesia.(Federated.States.of)/Marshall.Islands/Palau/Panama/Papua.New.Guinea/Peru/Philippines/Pitcairn/Réunion/Seychelles/Viet.Nam/Somalia/South.Africa/Thailand/Tonga/Tanzania,.United.Republic.of/Samoa/Yemen/American.Samoa/Australia/Myanmar/Sri.Lanka/China/Christmas.Island/Cocos.(Keeling).Islands/Colombia/Cook.Islands/Costa.Rica/Ecuador/El.Salvador/French.Polynesia/Guam/Guatemala/Honduras","native",230,"TL",2.9,2,"benthic invertivore","Demersal","Hard bottom","Low","Day",2,24.3509,12,"N",NA,NA,NA,NA,NA,NA,NA,NA,NA,NA,NA,NA,NA,NA,NA,NA,NA,NA,NA,NA,NA,NA,NA
